"Data Source","World Development Indicators",

"Last Updated Date","2026-07-13",

"Country Name","Country Code","Indicator Name","Indicator Code","1960","1961","1962","1963","1964","1965","1966","1967","1968","1969","1970","1971","1972","1973","1974","1975","1976","1977","1978","1979","1980","1981","1982","1983","1984","1985","1986","1987","1988","1989","1990","1991","1992","1993","1994","1995","1996","1997","1998","1999","2000","2001","2002","2003","2004","2005","2006","2007","2008","2009","2010","2011","2012","2013","2014","2015","2016","2017","2018","2019","2020","2021","2022","2023","2024","2025",
"Aruba","ABW","GNI per capita (current LCU)","NY.GNP.PCAP.CN","","","","","","","","","","","","","","","","","","","","","","","","","","","11895.3463149288","14320.7288831792","17486.6427331412","20263.7195374154","21594.1867321084","23477.9045769091","24617.0567350192","25880.4369953179","28277.5952058767","29281.3733475346","29367.268522422","31291.6420435453","33589.2188895547","33544.8755841578","36543.9771272133","36004.1273417251","35501.7572821861","38264.949317069","41025.7531165255","34486.648230655","42567.8688194759","40983.4707938093","48358.9940247926","43427.6967442227","40662.2233351008","41732.6675829264","42968.2163096725","43423.0414005205","45049.9995318659","47080.3572086435","46893.8391042372","48099.3600355401","50319.4700391411","52356.9955743565","39445.7179594171","46281.1490405226","53411.3848151616","57204.7191511733","65325.8347327987","",
"Africa Eastern and Southern","AFE","GNI per capita (current LCU)","NY.GNP.PCAP.CN","","","","","","","","","","","","","","","","","","","","","","","","","","","","","","","","","","","","","","","","","","","","","","","","","","","","","","","","","","","","","","","","","","",
"Afghanistan","AFG","GNI per capita (current LCU)","NY.GNP.PCAP.CN","2733.79973952531","2734.94399822533","2668.96189934803","3592.07126835613","3739.43459953101","4603.4240407142","6263.15266459161","7319.65541651171","5865.99012245324","5872.52394823502","7112.40822070396","7270.25591244976","6192.15324907944","6555.34701886388","7947.62939698986","8517.3314386446","8997.04003514282","10179.3328953771","11145.0357607251","12082.984441437","12445.6016112005","14726.601000655","","","","","","","","","","","","","","","","","","","8038.25335276471","6605.45119929411","8656.95597512166","9868.83540786808","10737.5172480356","12784.0331074098","13942.2560977001","18984.5579974752","19444.442261042","22202.9794873324","25723.4444743828","28936.5289820929","33755.8973756377","36124.9121675363","35985.6207983753","36360.0085056162","35696.9493477521","36418.5485669438","36617.4313589031","39401.2828467026","39582.4079892131","31467.8223389299","31722.258796838","32743.9966087369","29716.421934026","",
"Africa Western and Central","AFW","GNI per capita (current LCU)","NY.GNP.PCAP.CN","","","","","","","","","","","","","","","","","","","","","","","","","","","","","","","","","","","","","","","","","","","","","","","","","","","","","","","","","","","","","","","","","","",
"Angola","AGO","GNI per capita (current LCU)","NY.GNP.PCAP.CN","","","","","","","","","","","","","","","","","","","","","","","","","","2.04517379886943E-05","1.97249357706779E-05","1.90515055547522E-05","1.8414017265535E-05","2.66938065563904E-05","2.58034328887115E-05","5.82191800759993E-05","0.000128785986024145","0.0012863355690885","0.0224079462849301","0.944197781891064","45.6664972828612","105.152706134541","143.49180737722","851.590430602464","4618.08927877095","9713.78026116353","39383.0017707487","77400.0705260985","110080.822758708","168821.695682287","210707.943041913","241573.876886855","295815.652852321","265015.153693504","345058.595134327","449359.455172672","504884.197304137","530666.723047266","563154.197603904","536194.415095953","623596.869667927","737557.661408417","869537.024582586","988178.235278928","1058146.85137711","1412339.66593256","1686327.2948929","1948491.91107047","2569874.77965717","3177444.68162801",
"Albania","ALB","GNI per capita (current LCU)","NY.GNP.PCAP.CN","","","","","","","","","","","","","","","","","","","","","","","","","5496.23213375159","5494.10104419849","5551.25246680463","5399.3848109599","5222.70374651215","5583.71693676128","4933.21856224567","4751.19918941836","14259.3541993182","38557.5186836498","55895.7536252126","85744.9722754114","109055.335029654","109222.91561649","129337.647745107","149224.940925341","171988.625123704","196467.822211359","212799.424059574","236509.299957626","256967.916069666","279189.799557494","308574.000007352","347549.022918051","379242.288029033","393948.15562256","426983.285530726","450708.58441516","459660.155877496","488302.677444938","510238.838734472","535212.278470307","562272.634560949","597687.818342814","636162.854287613","658099.376859811","644197.499723154","739345.159095528","861603.754064633","967911.015450781","1051012.37678409","1126131.35505069",
"Andorra","AND","GNI per capita (current LCU)","NY.GNP.PCAP.CN","","","","","","","","","","","","","","","","","","","","","","","","","","","","","","","","","","","","","","","","","","","","","","","","","","","","","","","","","","","","40442.9963124722","36982.1181183768","38588.6478485019","42010.5965748698","44813.6328782032","46299.3873416486","48880.6281396434",
"Arab World","ARB","GNI per capita (current LCU)","NY.GNP.PCAP.CN","","","","","","","","","","","","","","","","","","","","","","","","","","","","","","","","","","","","","","","","","","","","","","","","","","","","","","","","","","","","","","","","","","",
"United Arab Emirates","ARE","GNI per capita (current LCU)","NY.GNP.PCAP.CN","","","","","","","","","","","16848.6443832538","19908.6216275106","22211.6925228693","34390.7119745921","92957.1140696849","107298.580406222","122650.330696937","133242.273073138","114352.09303771","140096.582092302","166610.136687998","170972.067706198","151989.940545453","128331.508446092","119465.577723056","111791.219264524","83560.0144147779","84956.9208712245","80398.4391207453","87428.2527836116","104477.074428148","97083.3348616035","96418.6882959054","93453.4495180895","94648.871225176","101963.394795664","105821.111664621","106054.117327616","96536.6868601421","94884.7095644868","115033.836556833","106889.310524438","102780.004601206","108877.069883541","123162.931214141","144469.022412994","166321.887625864","173868.536598092","186040.46262178","140263.089270681","164465.849117056","190755.908016473","195311.439059573","195771.423590483","193931.197545692","165685.722828386","157755.060092869","161718.235047888","173664.584874347","169511.06108436","138790.697724703","161743.187966842","186435.066159295","188198.88804142","189981.546765054","",
"Argentina","ARG","GNI per capita (current LCU)","NY.GNP.PCAP.CN","6.61788374841712E-09","8.25634480115965E-09","1.03761620740701E-08","1.213862162699E-08","1.69399986072227E-08","2.23550980301799E-08","2.78668836668991E-08","3.52365413590096E-08","3.93752502474776E-08","4.62075520984541E-08","4.83727378764852E-08","6.93290848641773E-08","1.11017837723147E-07","1.89451367018413E-07","2.56906640476383E-07","7.60018525238378E-07","3.89501942239949E-06","1.05496993330601E-05","2.59522663552969E-05","6.94503731070832E-05","0.000135897288794255","0.000256464675205582","0.000710130478004936","0.00351362095464064","0.0251135406503271","0.165489089507896","0.309392645328213","0.710985849885986","3.34261238924509","92.1072999776765","2011.7840654116","5275.54758317817","6601.26773311681","6837.22818304617","7330.76195926034","7224.48663274215","7508.28560328659","7973.81970981193","8015.37743801285","7502.69509327462","7434.19379392435","6936.11114736082","7802.24388274435","9389.38002276789","11109.1159487258","13166.3189533442","17473.1811262473","21827.6011705395","27736.1799808372","29606.8093318022","38875.0096672954","50723.8743815698","61087.2867215264","76944.7571282586","104249.400411226","134393.807541328","183299.812436417","234554.006121715","318413.29571087","460529.87570782","585866.473017936","999548.036663614","1790120.82116242","4134425.85158379","12514458.039028","18110130.9967968",
"Armenia","ARM","GNI per capita (current LCU)","NY.GNP.PCAP.CN","","","","","","","","","","","","","","","","","","","","","","","","","","","","","","","13.6425263954452","22.0255967317999","72.5616142397479","1220.22585723006","55427.884034108","162146.613249985","207314.415986653","262460.809188584","307024.386477875","321047.295886762","330059.722237745","377103.205180895","440558.561347584","527382.947148468","627850.455338241","742806.804474956","889592.65264942","1068237.32657527","1224365.33150854","1067185.36457926","1192670.8756897","1292008.7620463","1467021.98687213","1600008.93974189","1674240.58600438","1746780.60157758","1732794.75142867","1933362.90387326","2059210.92674301","2239182.17306329","2053954.22515617","2292403.60726463","2791513.70513943","3119365.55422865","3242248.88030328","3557367.05749866",
"American Samoa","ASM","GNI per capita (current LCU)","NY.GNP.PCAP.CN","","","","","","","","","","","","","","2658.60177240118","2666.66666666667","2303.50459339912","2286.45815948463","2594.93463516923","2725.57600720813","3340.6092815792","3925.56244792149","4147.80848022868","4328.39668853304","4576.6590389016","4730.93158467624","4851.29018233895","","","","","","","","","","","","","","","","","","","","","","","","","","","","","","","","","","","","","","","","",
"Antigua and Barbuda","ATG","GNI per capita (current LCU)","NY.GNP.PCAP.CN","","","","","","","","","","","","","","","","","","3268.45385362187","3695.14975483307","4528.26959579301","5493.15641808628","6154.02458826258","6782.58856216717","7645.30138294268","8814.46317931013","10185.784397207","10985.9045366855","12958.5900603634","16116.4987504519","17468.1405448085","18554.5301747376","20110.9060217395","20771.3806595864","22342.2324546023","24176.2039405772","23329.5692853686","25324.5130149974","27065.9929911475","28664.1716842512","29764.9933483561","30869.673750534","29315.7528033759","29717.7796240523","31007.5240100663","33203.6738271574","36930.826142116","41550.54339735","46732.4733183198","48360.5509455809","42292.8967721241","38948.1950304735","38063.6380484641","39542.8604171442","38483.2621729651","40089.3370134625","40856.7370175262","41780.3910235748","43534.7305124464","47050.1286760663","48901.427258001","41521.8953465584","45261.8869722466","51342.6324859974","56958.2922542758","59493.6654864992","64845.0784956851",
"Australia","AUS","GNI per capita (current LCU)","NY.GNP.PCAP.CN","1621.95662968934","1677.19164361347","1663.47048966673","1754.15525114155","1905.61475776842","2045.57428872497","2091.40846279289","2290.95686075091","2413.52319094013","2636.14123787002","2922.04365555289","3091.21125454124","3371.40472034606","3731.3153961136","4389.63783429279","5147.41236593968","5948.19354378964","6740.83990980834","7239.72698147374","8094.59831886454","9080.24775387966","10191.0708518112","11378.8322858552","12229.2748510537","13566.5123238771","14727.0968549393","16015.1950731505","17308.299363362","19293.54197067","21334.1932303804","22920.5429927042","23096.6887595004","23317.2670520324","24555.1298318643","25667.7330806469","26632.9432206221","28043.8701904941","29248.5435490359","30723.4405068385","32081.5187369261","33882.9002477402","35744.9384039732","37813.4936735742","39646.8448415493","42186.611542568","44241.9042343788","47063.6448175602","50056.9868225955","53367.9410692139","56297.4154159667","57093.9212727087","61144.1151540392","64225.7570502341","65089.1388577087","66641.5030427652","67081.5978925088","67177.8863024855","69797.3714681838","71719.6048688837","74544.8182671553","75700.0751055158","80333.4593192431","86298.1696909698","92398.6949399177","95113.3263804021","97831.0201872493",
"Austria","AUT","GNI per capita (current LCU)","NY.GNP.PCAP.CN","1787.01029566464","1971.07654878137","2078.09009676346","2229.32151512736","2424.95939515671","2625.76945407047","2840.9617151704","2995.86133262046","3197.14614974511","3482.32627589617","3892.67808084707","4329.40949661635","4913.51171581987","5534.40885090722","6297.46133655339","6692.78284733292","7395.13662303674","8164.91703034843","8637.91198582972","9494.77834404607","10190.6511389663","10807.842683892","11624.30058066","12432.6736234629","13042.9255879242","13761.6821447762","14441.5244325011","14987.2662347487","15755.1204517886","16793.9130924369","17926.2232265543","18927.2825369177","19840.7650379577","20332.9113557384","21239.1068277967","22047.9706421944","22796.3955850327","23456.8572124566","24330.7175355898","25003.3657294174","26280.3177306409","26902.426957088","27687.8978692908","28315.1487122392","29394.1262114894","30605.5218211268","32237.377339275","33984.9848477853","35365.7683666495","34296.8023651967","35455.1567758774","36847.754367053","37593.4090558341","37977.8681701257","38668.094331666","39176.893699526","40692.0922255487","41353.93812334","42901.4534324391","44460.7834304814","43120.9111185278","46107.7780123868","49826.1583828356","52683.8032664236","53730.1119134903","55856.9805261218",
"Azerbaijan","AZE","GNI per capita (current LCU)","NY.GNP.PCAP.CN","","","","","","","","","","","","","","","","","","","","","","","","","","","","","","","0.0408908462481882","0.0735494340764375","0.653463468819637","4.20291402038747","49.3645141544517","277.220765532183","350.985443771738","402.002998118202","436.282067483887","492.186276659046","575.690182143478","638.721767432686","718.788049363983","837.881492816458","966.171070848131","1322.02077015199","1944.94699188525","2821.91509444956","4109.42100098135","3685.32518899956","4409.18225662589","5289.29099292909","5555.71213788961","5871.2507570246","6011.73834008087","5455.41918354839","5820.36218775275","6868.1117670298","7671.30349381289","7855.07552011451","7145.35176978459","9002.83593499544","12324.1478103003","11616.7508276083","11972.9231987596","12268.667226961",
"Burundi","BDI","GNI per capita (current LCU)","NY.GNP.PCAP.CN","3507.12567350804","3541.65024466345","3631.63930654762","3876.94156017107","4221.45874036621","4229.78276654718","4243.12297231787","4426.3472183089","4392.10066776378","4512.83654500245","5831.38267498142","5896.57060854137","5694.60079930818","6557.68522125332","7150.22451189251","8552.86239415563","9711.00487144525","12136.5143230389","13076.7024572121","16536.1731687415","18925.3567643451","19043.5684165664","19331.86510844","20752.8582551667","23670.4614769414","27129.9484589123","26288.3830394661","25971.5190422172","27723.1937587401","31790.2131437617","34244.9112698432","36792.1040096202","38023.1342923085","39725.8037609989","40401.2441864983","40677.977672116","42647.0615134883","55748.4816414779","64082.2083435427","70856.5957910135","98550.1785726981","108197.03287353","110709.695401554","117860.205711816","133717.118819433","156710.088794445","165382.255042148","178986.112748126","224090.847046494","241771.891735547","265310.740404358","287865.315192111","332429.479890236","365470.7801958","385484.499052527","399945.702135671","431148.215335429","495530.5183161","493226.676305116","500313.292691445","559897.511285535","624320.781458089","716361.763434348","857354.506988959","1034584.25828098","1244588.10112826",
"Belgium","BEL","GNI per capita (current LCU)","NY.GNP.PCAP.CN","1627.01874257657","1720.32271808233","1829.69837712489","1949.36145433786","2159.45397315002","2332.5701641312","2488.21139780121","2652.8981489426","2826.31733305714","3124.87712417198","3477.56611250173","3798.00224580132","4236.43649570621","4790.48864060967","5600.48203008897","6179.44136643301","7012.83286687097","7554.48926682019","8095.91673752029","8611.05712593195","9330.17152839945","9790.38119757192","10547.1262399299","11169.0114778317","12093.0406279946","12895.8318202272","13504.6959370494","14080.2431836976","15014.6954087717","16172.9808224179","17119.2689672982","17935.8477786865","18753.1289204212","19428.410799769","20570.4346048377","21220.8060306146","21588.9373618453","22546.8201580455","23353.2503355873","24246.2293007943","25653.8178270943","26177.7735435621","26902.5436994963","27618.1405924539","28877.9621647811","29957.2834850248","31269.3319408363","32788.3057116237","33641.3919997744","32839.0895080467","33846.449378675","34366.2644778201","35715.8124313717","36174.1174956698","36860.763577168","37376.1995977363","38151.3105769073","39327.9284560267","40617.0479285387","42082.6827098663","40551.0059969126","44239.8475081768","48705.271566179","52049.1689860038","53159.8054072105","54440.9528994407",
"Benin","BEN","GNI per capita (current LCU)","NY.GNP.PCAP.CN","21962.9968148236","22515.4049881546","22172.4183088842","23382.7874920653","24380.0238757132","25689.2259646344","26435.4123931313","26186.0647261379","27413.922025235","28460.734195133","29860.6985775468","29160.1213742521","32076.1728525541","34237.8888538314","39868.0526539768","42022.1498359991","47246.8116718325","50845.3183951654","56387.7010089275","66149.1222272038","75482.6350467779","86662.1663979484","99751.8998478563","96362.2237366025","101311.104599633","101416.81533676","97038.5689841768","95666.2847417218","95665.019695648","91195.5181692175","99030.8877115672","101284.129781683","102035.921449581","107751.116759463","142336.135353594","170373.294144495","185281.429265168","198459.775874496","212164.263628677","322119.03836427","344963.08930172","359198.645749783","376533.888803045","389214.426259341","397693.420372409","409853.427617662","420901.891377233","434082.0255241","472480.041645058","479990.42633817","478852.019559307","498523.537712871","543797.4343643","574149.502177361","591952.849699783","589224.739256388","596933.314708816","611044.897655937","637259.969869212","659301.27567475","683932.411371268","723507.195496867","783197.006926341","838024.30701393","891864.102011157","953994.813175776",
"Burkina Faso","BFA","GNI per capita (current LCU)","NY.GNP.PCAP.CN","17183.7304946343","17879.5555650894","19326.5511196681","19501.97541945","19992.3732911276","19940.7502436039","20271.1067705524","20738.9533691753","20963.6190714873","22477.6484411801","22584.2267905625","23247.3854497872","25053.8317209191","25431.0706306083","29918.9466255396","32347.9372578006","36791.0474975858","42459.2388019165","50139.5940727515","54699.2884433736","58526.6044848084","67208.5434572441","78083.8899419184","80248.7633571086","81796.244912674","86865.3197057226","85469.3075591271","83903.0567537914","89241.6648297225","93104.1006369677","91968.8020642499","93864.0299375218","91940.3573685454","91240.549163048","103158.412504872","113868.663270279","124501.981776928","130539.641765126","147064.912713342","180441.556534952","176553.460763977","189326.83892421","196286.177973057","207717.52156234","211172.182757525","230183.730412084","237296.400504059","245619.568189293","275195.299910677","279396.941184079","299985.565040097","327874.690095516","364016.395498165","365097.894792938","361255.268584189","355565.577012515","375817.073579446","396280.773787326","418194.273414681","428392.594353808","458403.329067089","467523.545886717","482602.81047995","501705.872890946","560751.181193022","628557.660021475",
"Bangladesh","BGD","GNI per capita (current LCU)","NY.GNP.PCAP.CN","","","","","","","","","","","","","","855.76236138284","1315.37391645297","2216.30160785747","1879.19431615062","1815.73181192424","2386.01475235534","2751.5383311717","3193.37479506099","3725.8187301533","4069.37462911913","4516.71788859","4971.86698403596","5875.47657159216","6489.61161340826","7344.51416978417","7910.66572819984","8629.29011538748","9499.82230547783","9920.12352647082","10559.9087958596","10901.4704692262","11603.9921248881","12819.617922034","15608.1690677527","16655.0484347369","18008.247220857","19231.3391313392","20604.1349769813","21941.9262968437","23523.6662378817","25704.8377498897","27982.4428421501","30819.174074071","34803.5299092613","39534.9722565712","45296.8746512778","50437.7455704444","56644.6109528627","64348.9404293255","73805.7195758195","82753.1178980041","90730.5063898076","101278.209540544","135131.459026312","148259.092683175","167853.413349183","186299.592836965","198541.216581142","221640.343551436","243768.037949688","272360.30678558","300645.87961881","331147.930387228",
"Bulgaria","BGR","GNI per capita (current LCU)","NY.GNP.PCAP.CN","","","","","","","","","","","","","","","","","","","","","1.46441897481644","1.58371552190799","1.65013411334644","1.6969177396474","1.80309996597356","1.85301187527949","1.95184932281378","2.05855099545119","2.14208268913491","2.21348000196463","2.45071022536647","7.22119437229673","11.824011810546","17.7162954201527","31.1938368402733","75.8232119729714","129.404462080163","1133.73711572138","1607.52101362443","1538.25823713277","1717.00253066888","1981.51624730839","2269.05227543494","2448.29214256841","2761.59422355725","3147.35541532206","3516.58921655535","3988.22310976146","4734.55886797019","4865.19424007879","5038.63717728986","5427.42156712021","5639.47592085985","5652.88302579868","5963.15194616212","6270.99459163867","6714.49453394241","7366.76495011109","8042.35174415919","8960.98221386226","9101.13322309568","10525.869634738","12593.408729985","13943.9497992429","15442.3218106688","17109.9185888542",
"Bahrain","BHR","GNI per capita (current LCU)","NY.GNP.PCAP.CN","","","","","","","","","","","","","","","","","","","","","3449.58802767858","3942.20768678853","4016.65790486921","3995.64633510271","3920.8795699909","3304.44317986421","2589.59683476515","2811.25999343205","2960.4329994645","3048.90611207515","3674.60598643737","4066.16135111281","3956.44834623532","4055.61488047527","4205.10483755415","4435.12763943537","4529.98699877307","4457.05388591362","4270.31340416175","4394.66512289268","5212.76871053449","4920.70250833187","4798.77067579758","5204.29303730329","5740.08772174749","6580.84059575483","7093.80159179696","7753.50020927648","8445.88226871688","6553.22683434953","7477.79849789547","8227.91250355643","9627.61504891792","9789.38565629661","9478.87585370641","8447.69331587758","8474.6222236582","8820.71072455426","9378.64706794199","9676.7932193703","8524.87155312715","9575.74790692418","10972.8843773796","10391.4247976772","10388.5640189593","10613.8220881973",
"Bahamas, The","BHS","GNI per capita (current LCU)","NY.GNP.PCAP.CN","1311.9303283269","1397.74135207902","1484.90345777591","1581.94126747948","1693.65496580182","1824.91618903428","1972.57125146894","2161.25275009706","2350.53413213083","2667.13862715683","2759.60742126261","2842.91694829113","2851.90584274821","3161.73633280376","3224.73970254502","3905.87604699694","2641.01332860919","2871.91374220308","3148.89547329517","4408.71094948079","5164.15368603941","5386.83256273931","6012.53459898427","6515.3781395843","7538.2841161603","8453.74712625517","8887.68948807157","9661.55687479718","9949.40851498229","10806.1863425499","10847.0890938412","10444.7317895067","10584.5198249903","10172.3421855639","10527.1678094088","12877.8133821622","14435.9698042238","19876.7465198261","21041.196316684","23644.3647649978","24507.1409822904","24765.2179748411","26225.7169480179","25974.9775041863","26234.3796905074","28072.9972026264","28559.0240401866","29396.3784973991","29175.136825645","27093.4097737108","26833.8784906852","26455.9665778026","27808.154601312","26857.420313337","27996.2228418668","29435.3645814411","29183.7497261986","30478.507497087","30515.8676604272","32063.8500031672","24833.3388066073","28572.5818862536","33065.0151683613","36361.155617865","37881.2459037637","",
"Bosnia and Herzegovina","BIH","GNI per capita (current LCU)","NY.GNP.PCAP.CN","","","","","","","","","","","","","","","","","","","","","","","","","","","","","","","0.165744140022641","0.22259390988984","3.20579244965777","260.001019341362","474.336798185006","626.600833682316","995.646573146582","1486.20827046357","2119.61619384568","2406.49671150193","3142.68475355975","3311.88324841761","3590.77767871171","3745.86197084472","4055.26235653481","4488.31200248603","5086.59395679147","5785.05002212575","6703.49199400944","6637.85768007271","6763.2538294916","7066.72621023369","7200.79152876219","7514.93807983087","7737.39542626028","8277.25562953508","8726.07463915234","9198.69331714052","9963.67171538234","10678.2938324028","10467.2560556643","11909.7987708122","14047.440840339","15597.2298280134","16953.5510908894","18009.3463095862",
"Belarus","BLR","GNI per capita (current LCU)","NY.GNP.PCAP.CN","","","","","","","","","","","","","","","","","","","","","","","","","","","","","","","4.24953588787035E-05","8.82867947479167E-05","0.000900506730798407","0.009629799639615","0.172954706459547","1.1851775843645","1.8842531607394","3.60396752812695","6.92889757438545","30.20832897","91.1463273614901","172.36222533625","264.398004043972","373.760509736444","513.36934718143","674.535920483572","822.712058939769","1007.04733095121","1344.54021495626","1462.24945376352","1760.9210977499","3211.38474575716","5667.06502579276","6852.93019503641","8272.41106142076","9100.33911576231","9554.16400589732","10759.7122694614","12490.8469681214","13878.921730261","15312.4734540219","18315.9363768243","20113.434324465","22978.7265569281","27358.5404597077","31175.6810016651",
"Belize","BLZ","GNI per capita (current LCU)","NY.GNP.PCAP.CN","436.953284127992","453.996496924129","471.550988109369","486.1353136651","506.518508311762","544.542631956054","585.694956721591","614.709900064706","631.140324113222","645.543883429346","712.297906175457","760.555351980783","810.099778626199","956.937799043062","1232.5935171822","1468.70470215589","1483.10655977881","1649.16437922686","1867.16457722059","2068.06984852976","3521.94234189519","3479.49403841759","3194.40438419383","3284.13213305438","3532.15365774412","3387.14010110137","3644.19828831302","4260.58434206072","4740.83799520493","5375.55762756341","5884.45140038541","6279.74871685201","7129.33768974202","7528.96481308555","7496.05870505332","7798.52605488229","7835.43673624649","7814.12028733571","7966.27437570224","8234.5869500856","9013.65038891357","8897.65761195592","9190.54330121207","9241.05239214497","9448.02751685757","9722.71324951471","10179.1769430106","10450.7777777778","10338.2256596607","10219.4268330913","10057.8566410092","10598.2401359006","10746.6819570951","11216.6538359088","11466.3859934713","11773.4212099357","11674.0768566376","11472.495324248","11202.135045999","11495.6833208494","10177.0083825471","11891.7416642637","13471.3169767563","14308.618701746","14739.4164556719","14952.8071792057",
"Bermuda","BMU","GNI per capita (current LCU)","NY.GNP.PCAP.CN","","","","","","","","","","","","","","","","","","","","","","","","","","","","","","","","","","","","","","","","","","","","","","","","","","","106405.649274225","101584.249917625","104666.703327782","106401.233208544","104799.839443404","108624.2436657","111834.43395483","116947.356003649","116877.535993483","117374.701670644","110130.875089311","117580.683083777","126510.710590125","135800.936659557","146810.63184603","",
"Bolivia","BOL","GNI per capita (current LCU)","NY.GNP.PCAP.CN","","","","","","","","","","","","","","","","","0.0102800420660455","0.0117560975065651","0.0132487954938507","0.0153600283012384","0.0181993088957961","0.0230262381351976","0.0551854675438445","0.190638243894189","2.87269821651776","343.20568733601","1070.56350031797","1249.7853811668","1489.74385034733","1718.26022928869","2055.27676868147","2506.45512836098","2858.93853252397","3111.25235595601","3467.31994603046","3967.56925618273","4547.6581004411","4972.0741194187","5524.64882573832","5557.54830548124","5871.71782709602","5986.1522728436","6203.64356253206","6584.30279425901","7232.82266187484","7904.07778048649","9301.42023122158","10238.1681629906","11857.9827158203","11680.6509605617","12928.0813211495","15401.9197735341","16726.7777927077","18597.8305484953","19934.8318187081","19995.3720503636","20594.1305113944","27302.4240937447","28477.3014112411","28548.0041708173","24500.2742025899","27129.9956900171","28432.9198835199","28823.5712218294","29912.256967619","34634.661702582",
"Brazil","BRA","GNI per capita (current LCU)","NY.GNP.PCAP.CN","1.4236861166982E-11","2.00016025639522E-11","3.65282716628928E-11","6.0738548158774E-11","1.18360808650585E-10","1.79520802932244E-10","2.42014805334226E-10","3.23632045198498E-10","4.49773432675154E-10","5.85518258394467E-10","7.30375098566824E-10","9.57332709032939E-10","1.25070405596696E-09","1.70093902518042E-09","2.44992664502959E-09","3.34896353093418E-09","5.2921356495573E-09","7.89055784413829E-09","1.11399781448148E-08","1.81134570548383E-08","3.59293644126412E-08","6.89304533009889E-08","1.37370996064508E-07","3.0936309427569E-07","9.98184099857813E-07","3.51213456377474E-06","9.19613131239456E-06","2.8605376912945E-05","0.00021010195800899","0.00306143277421021","0.0753758352131092","0.388434924999731","4.07627598751708","87.7193871316098","2108.33723259961","4304.13300954209","5135.9206768465","5618.42922672455","5803.08143451818","6141.79385464974","6692.17289365034","7220.79712354544","8060.57811062108","9209.43151283409","10400.4954779206","11412.9719266538","12585.6804070541","14120.6550616826","15935.2447049967","16968.3904204036","19441.2742786883","21834.3859674151","23845.6044187098","26489.2195508991","28344.2657114639","29170.4435241058","30195.7416473219","31569.3909049748","33038.0475756262","34661.6500836452","35707.8863915444","41665.2889821286","46539.2808488509","50185.0423425411","53707.6113526481","57910.7124145324",
"Barbados","BRB","GNI per capita (current LCU)","NY.GNP.PCAP.CN","779.965226316952","822.651886355448","849.429616025576","944.714350661105","931.277540236208","985.422507497412","1042.36131202142","1164.58800199117","1323.19816930876","1478.89153477334","1732.71592344429","1928.47744092339","2128.12300827532","2647.60748955346","3355.68412972482","3852.77917388275","4171.86753207499","4701.19840954432","5298.79750428343","6398.12877036164","7997.03593295272","9022.16870020216","9371.43164424426","9798.47680635611","10690.5221245881","11175.1640567587","11915.7658465112","13062.8617182125","13870.1054844954","15433.0147340852","15297.6618635481","15363.5883457415","14820.9338871236","15593.0229439866","16189.8937390108","16567.7628139323","17588.9493831114","18684.6397756029","21070.6610373577","21958.577920668","22623.1860277872","22443.7458321425","22620.2734830474","23143.9257118777","24898.4279717768","27126.3016084494","29339.9522966497","33086.2474565775","33327.6498456258","31203.2040361444","38633.0159168444","38118.5971557802","38377.5220446454","39367.2969225506","39428.7701007372","39332.426251837","39038.860077683","40144.3033004843","41046.4965747691","41959.9142268862","37886.2963173327","41486.5343243061","47620.3777300774","49213.6897172164","51802.663319963","54417.0148926308",
"Brunei Darussalam","BRN","GNI per capita (current LCU)","NY.GNP.PCAP.CN","","","","","","","","","","","","","","","","","","","","","","","","","","","","","","39180.8178238362","42882.2046350305","41344.0543648799","38200.7363650177","36188.9901830878","34774.6869841002","37480.0106457872","36227.1057678124","37895.8089480286","29738.6462218096","33479.1319021574","34703.8186530402","32766.7206647767","33343.0624612245","36024.6860548643","41280.5985078391","48910.420265466","55095.9332315042","54836.781054431","59947.3415335911","45210.6400278476","47289.1421041363","56777.1200508777","57281.8770234517","54445.7150013862","51935.9452909418","44225.404299262","39529.1706036991","40997.3383213332","42058.7937689866","42621.276768772","38138.9924989495","41934.1323516064","49395.8864220304","44742.3572118035","45710.6982393278","43514.0351253404",
"Bhutan","BTN","GNI per capita (current LCU)","NY.GNP.PCAP.CN","","","","","","","","","","","1181.64892327439","1225.15217520699","1268.62992333406","1405.32697502231","1675.24291589589","1563.9021572428","1643.62728737879","1723.68180645952","1494.99542003193","1591.92524332061","1872.89192070216","2088.58336980502","2196.23861530644","2359.2356218322","2912.07763441995","3131.39965813782","3736.27703671775","5069.04982453284","6147.72147414836","7120.6237756849","7994.05858605399","8292.44644738773","9506.12627082562","11099.1193009214","13508.4197029019","14985.8363945262","17318.5085571008","20851.5442180645","22255.1511586046","24219.058016166","34654.2161266488","38308.2864271751","42918.9635319158","46618.7802961753","50111.4929966305","56557.0108707969","63443.459218037","75469.9179684104","81356.299764989","89332.9685815893","105635.552255313","122622.372306968","136429.525191732","147066.651178246","162666.459293531","177140.313494946","195154.538246156","205338.351263033","212717.94503257","230749.737586687","222754.048150274","249003.979536832","276572.019582182","299004.594441654","333600.787847242","370164.210306903",
"Botswana","BWA","GNI per capita (current LCU)","NY.GNP.PCAP.CN","47.2703495975124","50.019699133617","52.7894095737394","55.382609419024","59.2239336283655","64.1244274915429","70.6911290852897","76.8591214477401","86.3920159735327","100.925619947331","122.17050008978","155.331975532948","204.19757489874","260.03160598889","306.728300323292","364.599239290374","426.495172101019","475.565738755888","575.750760386652","741.010178077543","840.706784641888","958.663747066998","1064.78054909048","1187.55956437828","1350.00830518797","1726.86718154633","2075.73342523586","2420.93052927574","3652.84311471854","4468.68156004138","5250.41816778178","6035.26274523833","6510.71387423344","7599.24210363245","7419.25969659382","8689.60967043759","9944.30729845551","11324.8121291017","12912.6333391209","14706.8485508804","16534.2225563408","18259.4988827592","17193.1660632418","18943.6113814216","20769.3494604199","25263.6178396708","29125.066150409","32765.3777389191","35697.3835494905","36047.7756517519","40589.9808224932","49520.8668770964","49612.9014814046","53442.257445885","61981.8201223856","60117.4866122069","67277.507436629","67279.7875371049","68533.1454743954","73101.5537677518","72557.1594394136","85736.0510588667","96259.7987386286","103801.833040246","101999.294473835","101272.31233605",
"Central African Republic","CAF","GNI per capita (current LCU)","NY.GNP.PCAP.CN","16095.4338307254","17352.9090039087","17193.4517833964","17525.7377030087","18862.9712820786","19596.8419270082","20176.4012174662","20505.5548641022","23269.6059049424","23688.2620892365","24682.7208993542","25580.6721146886","26342.3615318287","26843.0867274511","29592.3397043543","34891.2385324273","45831.1923105418","52459.9754312179","57570.340927146","61027.9321592512","68940.8593633635","76540.068963792","97118.885727105","97315.1282080587","106858.336454347","148125.900523351","145905.533171011","132512.337387675","135800.553102195","138455.766190009","134456.14030384","129596.73399386","120837.988270682","112989.605011528","141508.989998017","163158.870232601","146903.509465318","152375.620749214","154218.679093823","163660.482805776","167422.770630686","172812.153044518","170904.865333342","161050.870369278","158286.077027761","163221.143370772","173089.814849715","181156.914427586","192765.113630581","214067.973394844","237016.391605154","252678.016880974","279187.306933562","181574.081831045","204471.022988063","219263.232569794","232304.653535902","263821.862513719","271736.524990382","282726.268412885","281320.356529268","291600.436435124","307024.94051144","318627.629885058","331810.734220148","342235.796294329",
"Canada","CAN","GNI per capita (current LCU)","NY.GNP.PCAP.CN","2239.55953423319","2270.28905481894","2421.55081360264","2550.4367381112","2740.97269986223","2967.34534397616","3258.58317138413","3436.7949241291","3697.12976306765","4020.62107035363","4258.47139373476","4513.28738615807","4988.74287568857","5778.15123278165","6799.90357756098","7551.11543202075","8560.19801953176","9318.33722409779","10185.6663735645","11485.6413293301","12751.9213733814","14345.6575093025","14921.1635715845","16122.476100421","17483.0348498127","18757.9453632977","19498.1448090323","21047.3550079271","22641.2633711419","23774.3595917715","24212.6199363854","24200.3722168445","24414.9150351567","25157.8154869951","26330.6394064163","27403.0604616817","28073.6197214083","29385.2246382559","30140.8650515784","32038.1841741826","35099.3768113061","35857.0387566687","37102.0318471782","38678.5022821076","40920.1570991678","43188.7409540854","45217.5024721999","47263.3217190756","49107.5996611815","45919.5608549004","48024.6046700952","50687.0554809615","51702.7792873615","53398.5755020839","55389.1557350489","54893.6159248059","55406.9096718785","57830.4463734169","59279.9483823911","60767.795202865","57967.8136250896","65703.868612085","72472.5913637468","72887.302702124","74156.8901745706","77956.6913966423",
"Central Europe and the Baltics","CEB","GNI per capita (current LCU)","NY.GNP.PCAP.CN","","","","","","","","","","","","","","","","","","","","","","","","","","","","","","","","","","","","","","","","","","","","","","","","","","","","","","","","","","","","","","","","","","",
"Switzerland","CHE","GNI per capita (current LCU)","NY.GNP.PCAP.CN","8344.62190116714","9179.0460220128","9908.95436114731","10640.389287294","11582.8784547194","11990.4615250567","12776.8815880079","13586.8634725287","14395.4902957225","15441.6567280526","18502.4498300118","20865.7599232691","23439.456479469","25970.4642653908","28126.2819333309","27779.3992592834","28432.214374194","29443.6715950591","30525.4423927553","31952.6472869421","34167.8434375157","36814.2185688931","38425.1442976706","39586.8029460604","42436.6644204624","44696.1428734809","46141.8571307475","47354.2324175995","50277.0360974845","53494.2116571912","56861.2988217889","58702.3125092272","59099.883821585","60121.1651451513","60613.8941665631","61462.9091131997","61825.2623302663","63712.6268625743","65428.6472461558","66829.1482686412","70566.0938167135","70257.1143330882","68826.046327251","71473.3639981489","72892.9267195685","76730.3321028111","80396.4232773134","79646.7236503134","76105.430906009","80339.4129739492","85491.4129511222","82132.8995343632","83223.6618731072","83727.4612343491","82875.4370490495","82690.0593833853","81306.2968470856","80893.9290444953","82554.9173731399","81663.3040209914","79208.6662767423","85426.9339099251","89986.5128917442","89890.1217026204","91873.9950611194","94652.0705123832",
"Channel Islands","CHI","GNI per capita (current LCU)","NY.GNP.PCAP.CN","","","","","","","","","","","997.663616897022","1140.86133836458","1327.88384593365","1743.47613755488","2095.50158335484","2390.10462723538","2823.22547936101","3205.21764334058","3818.25060585778","4227.46195668868","5076.57524796492","5466.9743511497","5984.62657748994","6585.56656397802","6892.45707245021","7380.48893624839","","","","","","","","","","","","","24804.9773324439","25997.2620193285","27857.6733508879","28377.5613033255","28856.2259392451","29107.0482246953","29775.255033248","30576.1268497838","32441.9313421609","35039.8238350643","","","","","","","","","","","","","","","","","","",
"Chile","CHL","GNI per capita (current LCU)","NY.GNP.PCAP.CN","0.558447024157469","0.614404135792777","0.706714814013973","1.04998113951318","1.55555001516323","2.12188889985713","2.96617049764088","3.7579884697939","5.11043923296768","7.3253838188274","10.3802296557555","13.2721197753071","24.5690867627248","118.667531957862","925.414414070773","3463.92047082207","12282.5076247359","27214.7090163566","45004.738134335","70861.0022385816","97111.6505960968","112594.222999009","101557.811094074","123667.816947281","144398.392301913","205504.37778484","264423.597501012","357815.512513204","456017.468504245","566803.867883328","718051.454251571","926849.197368181","1165546.63910899","1382526.79189515","1611196.21880888","1940076.21089445","2128460.42711554","2333971.90343517","2439000.67242432","2439372.79724619","2627694.30379392","2800212.5622352","2936463.61832333","3133692.0677462","3455877.02742307","3857238.45855024","4413401.65498075","4877153.21830605","5135792.60856413","5264844.17748876","6029999.41229688","6392849.08370974","7012638.50323181","7417618.09790758","7914524.44693981","8573390.5953498","8981640.44631638","9286353.22208768","9615656.01132704","9804016.86655474","9743912.89350823","11616117.8069312","12790094.380397","13739527.4651067","14984497.4397528","16192434.1506444",
"China","CHN","GNI per capita (current LCU)","NY.GNP.PCAP.CN","220.861378865786","187.012554328896","174.940294696367","183.3263719434","210.881285306184","242.90218614764","257.274952406853","238.208203565039","225.613613768705","246.939480543953","279.036801231799","292.567515351829","296.567404846699","313.014490781686","314.566557449881","332.203907703556","321.655554779544","345.050903328723","385.372817453055","423.8574620358","468.205883402039","497.290934061788","534.457630647512","591.746391611535","706.782726110964","869.671943979297","974.362339354512","1124.32716655828","1379.80991803055","1539.23926160998","1670.21234424345","1921.79217574167","2344.19770466192","3033.31523030447","4092.26109318824","5035.14530794162","5845.87901934212","6447.80196329492","6802.77148159928","7198.72918055295","7927.37467775978","8693.65884341707","9534.12214932834","10752.2120459485","12638.4044133248","14465.3453195471","16946.2250766579","20850.9391942393","24633.0327519241","26586.752399982","31209.2800729608","36516.536744397","40338.4827830659","43927.5842844987","47862.0267374222","50673.5828272433","54582.6097608428","60613.3510956407","66438.4855570447","71256.3994189288","72762.5186025087","82543.8839955819","86654.0478340149","91072.8569301983","95019.237388882","99083.9515564292",
"Cote d'Ivoire","CIV","GNI per capita (current LCU)","NY.GNP.PCAP.CN","37140.4884113036","39316.3048656077","38925.2783022432","43596.1691959336","51413.9949161806","49265.7156742888","52673.8199019863","53646.3435966585","61701.8974669646","66058.8583382718","72508.7127628652","73933.0903677099","76315.5821024225","86674.2639545322","110552.670775064","118693.695494752","152480.095985269","203701.062886253","225317.242096347","233728.494127065","248797.772225138","251206.837169828","259205.541227508","252740.706084413","287497.592294547","281699.602160573","280873.221672004","254703.52855257","245736.222887262","227896.521058304","205691.196960273","202875.225826187","196654.479819035","199530.86544936","292984.338912849","336426.502034759","371790.022951226","400194.987652028","425571.419209902","419953.955448833","390807.301925012","399677.362447359","403763.921401126","395592.922265942","398016.129124777","431911.922211462","434951.315844675","445192.988222186","485533.707664885","501053.579153321","527963.651697022","500843.148159429","564067.688657276","616076.103797968","964945.198664595","1049295.25899633","1079244.80895965","1107153.11184837","1150635.15068522","1219921.04496544","1217867.43449497","1320057.60780056","1408283.83350328","1512811.81007785","1581493.79430786","1676426.48306422",
"Cameroon","CMR","GNI per capita (current LCU)","NY.GNP.PCAP.CN","","","","","","","","32021.0491227002","35766.3905314239","39627.8353239027","43582.7923469792","46524.8820422897","50978.0217550734","52039.1178219322","62778.1719902307","73609.7245955183","80547.9204686731","82806.3771171196","120096.043233577","143967.383227012","138072.103325819","183340.612362652","225924.554381051","267519.661952708","325411.575630301","380984.404004208","402865.883366589","373280.774281588","339893.991905264","313057.743817565","283195.437308796","268453.907490928","251055.858444275","355241.565284137","370332.577108224","394327.662584324","400941.049457698","433230.262629677","451245.431075316","471131.180670204","474895.870467123","490691.152259154","517951.322728242","554176.021389402","584874.168565919","587360.487985834","614936.298457352","621226.054044854","655548.389430935","684473.555368444","685364.974375213","706393.81871684","728933.278355315","764151.294183412","799125.506275121","825217.454508362","840277.467183755","852779.578476183","878504.899323694","891938.260247208","876936.957999902","912302.0053903","976109.127817836","1022863.99592679","1086587.63104084","1129846.19845941",
"Congo, Dem. Rep.","COD","GNI per capita (current LCU)","NY.GNP.PCAP.CN","3.60208678161575E-11","3.31011633357753E-11","4.82487445044466E-11","9.25710880183121E-11","9.29364676953739E-11","1.27494333479345E-10","1.38631103212599E-10","2.11524297909167E-10","3.423044816144E-10","4.27537156155621E-10","4.02782052293053E-10","4.49534062098027E-10","4.83828670999607E-10","6.00995108730137E-10","7.1341500230297E-10","7.38714156199567E-10","1.06247849488514E-09","1.42022716026841E-09","1.70487727831127E-09","3.32258148193159E-09","4.92610789245325E-09","6.47613054519161E-09","8.94289128557611E-09","1.57004427990969E-08","3.04201502684023E-08","3.62651984582286E-08","4.91934347865111E-08","7.89231891626223E-08","1.47078175990683E-07","2.99932176501582E-07","5.60070416782896E-07","1.05469052914536E-05","0.00041041160715401","0.0062278115765277","1.43724583523315","7.71100244084986","59.811080082702","162.214990160092","197.931732265485","962.856919895543","25546.4412432528","40637.593359447","54375.2098695819","63808.1125176887","70011.5047138447","97580.4394412904","115991.125633225","146731.618908119","185823.321329626","217303.484336365","307210.252007795","325698.212739147","356995.452996561","389233.078862815","416724.15096942","427236.341234069","455002.097751554","613187.03903929","810041.924440577","780589.861069012","875981.32781605","1145702.92808802","1311354.86317622","1565281.42669821","1894980.5951027","2079600.46559541",
"Congo, Rep.","COG","GNI per capita (current LCU)","NY.GNP.PCAP.CN","30060.9717506425","33665.1706168174","35965.3581871673","36253.7540355981","38026.9231947811","39490.6861608769","42864.6852319534","45192.9635072117","46562.1840626683","49845.7876597684","53032.7077540822","60210.0972284581","68558.542464419","75819.5330186219","86632.6111782777","97188.6307706302","102815.702439683","104672.394715759","106388.750687179","131514.560050634","178380.373595191","273414.466249394","347841.199729904","375808.919506071","451625.04521067","441575.40808552","307172.382417823","321551.746735591","252685.005559132","279522.714364628","265777.80018147","262490.767502753","268469.69495508","235920.55219712","314558.437555178","222989.160420897","263321.405766622","335735.571852118","295491.183955887","333938.699728376","514035.600513432","440760.557940216","452055.188969942","434869.17823187","468445.706698033","719453.245366496","930952.108571174","886201.23956457","1107519.67233878","984412.617060702","1355166.51764005","1440375.38906885","1802552.92219093","1784323.60567491","1804220.98822721","1434537.40050428","1196042.00748449","1115075.19849987","1413209.34295049","1311090.16549156","1141201.37512383","1239940.44312609","1457342.7400754","1348628.35068095","1357577.20440723","1310334.84295426",
"Colombia","COL","GNI per capita (current LCU)","NY.GNP.PCAP.CN","1708.68360791529","1883.53845552616","2051.42508034657","2522.40249300229","3036.20464477468","3291.1792306147","3882.45261857547","4215.2375868558","4829.96502483255","5393.35965478316","6226.15322897386","7148.08288353315","8492.04615555316","10668.4696390753","13907.0595409747","16926.6531783479","21790.800801465","28874.4452943068","35918.1378944902","46106.0863057015","60048.463762835","73236.5351381394","89077.7792689685","105699.254663747","129100.892562814","161522.31251924","215815.886486185","273500.486910148","360073.915267215","448359.418546143","705068.334749843","900589.129821853","1131368.17656313","1473031.11884907","1887440.80360607","2317632.6731977","2703397.65508603","3207171.75807247","3653237.51073801","3879481.27834963","5219465.37003618","5547249.78822321","5920280.42925573","6425494.39340707","7151081.11198348","7817018.67576799","8701161.11364143","9605583.61308497","10514363.1883209","10992863.3385497","11727968.795988","13097173.122157","14021801.2105659","14937732.148045","15917924.8622406","16908793.1557928","18007457.8953466","18796836.4224047","19650127.747442","20776875.6843219","19537488.813203","23088419.2721627","27450588.2955071","29675894.7509413","31904443.8733668","34099641.4923285",
"Comoros","COM","GNI per capita (current LCU)","NY.GNP.PCAP.CN","","","","","","","","","","","","","","","","","","","","","152718.406793101","166801.553115184","186573.28520327","203047.543814285","218061.425188349","220725.098179392","222652.482077689","228736.516122472","236130.223716232","242981.367053119","245504.999261012","247769.724468562","250537.725240963","256732.083760835","272250.516860178","300484.649174661","301982.776238362","312978.9899897","311393.085519273","326752.260756133","337664.398224146","374867.44197946","397110.016764384","416359.416670469","422642.99436546","436158.553141087","445158.806818652","463886.587878307","485756.803277256","496758.45560459","514069.672253816","540851.410510496","569791.86288749","594027.43108223","600675.335732948","592512.543313306","610202.268311985","623005.713594716","645227.593022201","670814.030522084","660956.900530192","663626.350874019","720305.04466619","788307.291386157","849190.12782878","901810.242584766",
"Cabo Verde","CPV","GNI per capita (current LCU)","NY.GNP.PCAP.CN","","","","","","","","","","","","","","","","","","","","","17254.9856016529","20792.8661627715","23854.9999398901","27939.7845131407","31602.1696033635","35256.1855684942","42757.6182474625","47667.3774566053","52719.9503765914","57384.5971892562","57672.9042586062","59606.175471806","61971.5209130308","98317.6629806078","81094.7183029925","89071.5233530414","96563.8132341434","104783.387169072","115253.610863515","135263.728531149","138659.244193357","149108.151112444","152088.636879451","164998.28278582","167867.861359701","171508.027993362","190395.205490618","262912.546000524","287390.42873812","286106.615350268","286143.528435573","305930.714228454","309983.32079968","318570.845429255","315929.049862783","327953.23091215","348210.050258119","369128.744202007","392699.96805703","423360.953620279","335355.915046077","365093.92585682","447693.959298959","481959.136398238","517983.7012374","559911.302807313",
"Costa Rica","CRI","GNI per capita (current LCU)","NY.GNP.PCAP.CN","2134.61735477922","2102.88877438458","2184.84621653859","2258.17890610447","2302.72125739915","2417.77099850713","2555.19896026899","2673.71329067435","2873.72007511506","3101.79234506024","3491.02927813659","3719.29052034403","4110.18197877671","4974.69737364227","6317.16824954171","7760.04494631147","9324.78361317345","11631.4647226222","12904.7425270809","14314.0402924577","16545.2095323707","20727.4209010122","32634.7962972205","44546.4983374776","56067.9073847417","66986.070504549","82100.7935848724","91915.7019447927","109233.651258059","129216.473538082","160083.636960047","268100.191869529","342652.191149416","395897.647882631","473081.913650111","580743.702718054","664518.50269673","785317.816544836","912347.819282771","1016029.51346948","1121189.92650351","1250444.06922815","1396444.17346201","1587001.23031306","1858414.05802464","2163001.2625433","2609032.17520491","3088756.20741109","3580197.59210244","3787910.77185585","4206901.06721698","4532763.50791883","4933235.14011991","5202441.90861735","5631401.85927811","5994335.12147476","6308681.63496266","6624445.56750144","6888315.44441526","7155198.13471324","6876995.44327735","7534711.03093525","8402804.93096395","8579702.08744448","8921060.40846721","9147757.67278937",
"Caribbean small states","CSS","GNI per capita (current LCU)","NY.GNP.PCAP.CN","","","","","","","","","","","","","","","","","","","","","","","","","","","","","","","","","","","","","","","","","","","","","","","","","","","","","","","","","","","","","","","","","","",
"Cuba","CUB","GNI per capita (current LCU)","NY.GNP.PCAP.CN","","","","","","","","","","","632.793038651319","755.339346937912","833.448361011766","877.463597184238","978.63772234871","1105.31069146935","1160.17794764776","1198.62132116695","1387.69445571346","1436.45255140267","1434.25900957042","1665.3457091454","1761.96431621274","1872.92380181975","2057.89533299865","2025.86945965966","1931.88274355353","1880.26468790293","1961.20424611925","1970.52044655193","1982.94513468511","1631.34306619741","1492.99308414832","1502.43723129285","1894.99559113472","2133.64694002817","2237.2328341244","2262.46203150519","2291.65303090828","2515.27607356422","2695.40068424929","2797.77734147442","2950.57643903091","3152.78044295569","3341.36362600985","3730.1162862349","4621.58699478213","5107.00902751347","5291.56565644937","5350.90780036228","5567.29423534193","6010.31484914796","6382.80837021456","6746.75812457012","7053.31268787478","7628.67442449334","7996.58357664013","8490.22951006812","8780.08373119442","9093.54640776103","","","","","","",
"Curacao","CUW","GNI per capita (current LCU)","NY.GNP.PCAP.CN","","","","","","","","","","","","","","","","","","","","","","","","","","","","","","","","","","","","","","","","","","","","","","30994.2030248878","31736.2768073974","32847.6425834398","34681.244858788","34388.0462838735","35398.0753582645","34354.1122183106","34739.6040450266","34341.5623252851","34370.2961342835","34156.9489808837","33270.4642248722","33506.1370376151","34020.5163930311","34547.4692106884","29379.3140041934","32223.8587055369","36658.9364796734","38640.1293116496","41607.0458376333","",
"Cayman Islands","CYM","GNI per capita (current LCU)","NY.GNP.PCAP.CN","","","","","","","","","","","","","","","","","","","","","","","","","","","","","","","","","","","","","","","","","","","","","","","","","","","60600.5730235309","60607.9433874042","42369.3608232988","37593.4737021567","36463.4857047872","37758.2752019727","40979.529318542","44684.3418300147","48787.8694590619","54508.1304677173","51987.3539235192","62584.7845969591","60891.7081286074","62528.9422628828","70198.1809085061","",
"Cyprus","CYP","GNI per capita (current LCU)","NY.GNP.PCAP.CN","","","","","","","","","","","","","","","","","1150.60473632813","1469.28344726563","1751.23901367188","2153.86206054688","2575.6796875","2914.43896484375","3367.0634765625","3677.47387695313","4276.3798828125","4686.21337890625","4937.13330078125","5438.06494140625","6032.8134765625","6746.55322265625","7484.37255859375","7635.95703125","8617.392578125","8883.826171875","9689.8662109375","11201.0029296875","11482.556640625","11799.376953125","13744.6865234375","13358.392578125","13955.4609375","15112.4814453125","15873.6904296875","17153.818359375","17963.009765625","19026.26171875","20125.1171875","21365.03125","23769.56640625","23047.89453125","23127.552734375","23950.544921875","22408.16015625","20630.982421875","19763.962890625","20669.06640625","21065.37109375","22527.666015625","23767.3359375","24709.51171875","22975.25","25382.11328125","28532.263671875","30325.2734375","31873.328125","32862.390625",
"Czechia","CZE","GNI per capita (current LCU)","NY.GNP.PCAP.CN","","","","","","","","","","","","","","","","","","","","","","","","","","","","","","","70815.5724498552","85450.4605711905","95437.3197218407","116255.631661819","134357.169103042","154459.85491011","175789.300511738","189517.776899381","207596.616131939","216404.832426735","229475.82087014","246553.429441581","255732.909832738","268616.101356896","288506.409811965","307180.751048651","323326.078325758","350338.60163506","365085.502064932","351641.277771139","355195.18521807","359073.875905004","367508.42111222","372215.499085434","388306.62780049","408705.280332682","424281.765895677","457818.904598809","485679.489080265","517701.302583334","516697.548238161","582836.273241034","633705.230770499","679154.867037517","715214.486381878","751978.941988695",
"Germany","DEU","GNI per capita (current LCU)","NY.GNP.PCAP.CN","2507.09989017101","2721.0588393248","2934.07626514426","3081.21608405642","3356.48013437839","3634.11141042183","3833.57643519403","3865.41608833619","4160.05339337257","4622.89050851521","5207.95119423435","5761.88619230547","6246.24810258054","6934.09166786953","7501.89006397105","7898.64600498409","8607.54933655191","9177.67107275869","9832.61675806762","10642.5146317472","11359.1101209965","11857.5294580941","12352.5328019225","12973.4003110423","13705.5292547004","14355.6725258468","15080.6953784974","15441.6536270849","16302.0978194289","17312.2119165982","18677.6022603897","19948.2397782505","21233.858406339","21672.6399506099","22523.2520802116","23229.7536090816","23546.2733238136","23933.022254673","24506.5172550993","25117.3799814454","25750.5311786763","26467.3100795174","26669.8768113056","26870.9049691124","27956.3324852581","28431.3257342825","29945.973273357","31347.7784093846","31835.2808668586","31133.7017649576","32622.647976636","35098.9797157603","35646.8220412242","36379.1058421597","37626.8576544315","38536.462236143","39914.2213215371","41349.7939351829","43050.0975191332","44145.9650938909","42548.6885532981","45741.0023583083","49395.7204669471","52300.7398741462","53619.2969461769","55475.5504975138",
"Djibouti","DJI","GNI per capita (current LCU)","NY.GNP.PCAP.CN","","","","","","","","","","","","","","","","","","","","","","","","","","","","","","","","135993.008943229","141392.310026996","141503.146138756","144150.404493306","144583.41362937","139727.430330625","136200.780867409","133378.041386884","134591.656103549","134843.935245772","134754.114088574","135465.462672234","140460.640747174","148136.357253875","154479.382530533","164461.229965271","177167.569248783","205408.520343126","208772.751657384","218933.384645649","233803.309866134","253923.725649006","363916.395213764","389392.620250779","417583.753710871","432456.946782788","444102.49250835","459487.960894949","488905.720996152","489745.84324115","528203.633183738","567437.163528849","616802.340009575","649022.162413303","711080.725343936",
"Dominica","DMA","GNI per capita (current LCU)","NY.GNP.PCAP.CN","","","","","","","","","","","","","","","","","","1710.58970251084","2113.62936582146","2032.34623555696","2700.79996716063","3055.9279313841","3332.93606922738","3664.70002072825","4005.13615798823","4411.4939088983","5019.56821555612","5684.29434126973","6483.21290788579","6971.91219192337","7621.32506068048","8264.11336873701","8832.45582401731","9299.75659988766","9845.70433380831","10152.7299946739","10638.092493877","11146.048283525","11998.7269255251","12004.93683752","11592.4450088307","13931.5985238988","13714.6284025919","13643.6984722242","14291.8440181212","14238.7362877179","15761.8274569078","16670.1512048455","18103.5611583931","19680.8201672862","20013.7963083983","20392.1625418157","19954.7151248589","20364.4839704511","21333.0396600969","21515.8358187757","22973.0195672787","22332.5449661294","24937.0727843459","25248.3794932233","21481.5088866855","22636.5286747418","25291.8025918056","26747.4064050519","27406.5402915188","28911.8124819723",
"Denmark","DNK","GNI per capita (current LCU)","NY.GNP.PCAP.CN","9525.8541410938","10486.2296207515","11727.2685925001","12379.391925533","14038.3901498672","15645.0156430584","17038.8065905126","18600.5430005745","20556.4910810805","23315.8796449612","25557.2946688181","28011.5231811564","31780.2007614398","36829.2933635559","40801.6247606434","45702.5248909951","52909.7953000791","58771.8872993753","65381.5110472689","71918.7011572269","76901.1273998751","83485.1910702417","94721.9142562932","104729.466043916","115113.283873466","124705.901275615","134561.965021617","141751.132820911","146756.100185671","154316.605404597","160608.313773029","166479.441429269","172759.715123845","174361.719321562","186398.805266049","194309.482622393","202511.878039336","212571.97978199","220267.677484659","230730.81114112","242672.506787005","252304.86101042","259291.088371484","264541.77236042","279677.780999359","295761.991293553","313689.659079038","320749.407024304","333079.220426746","316253.477443354","332123.699209201","338829.83650512","346187.082988469","355597.5388482","363636.2347667","368229.481815992","376097.283349715","388156.420317156","398080.238385705","407712.408903241","411883.827633963","453260.546451409","492671.314782543","483909.404346966","505346.000128493","523385.454183096",
"Dominican Republic","DOM","GNI per capita (current LCU)","NY.GNP.PCAP.CN","202.641405290031","188.394961154477","230.607775545297","256.529118211559","272.133092915376","230.088871958063","246.159526366021","251.37858362417","255.028097110812","282.274987228302","335.576877177908","367.885480724472","435.75902489379","491.611962376525","594.298519168035","712.811505800931","761.60083267637","848.000815736337","867.847103073764","993.114108295809","1143.43824276227","1238.52061182053","1333.96835818331","1451.6251825207","1786.64788266572","2287.34723354862","2597.65317122818","3166.32698772368","4505.12477584457","5770.7351232703","8057.68851149589","16299.2679304638","18738.3148299679","20383.048577326","22755.1679386966","25890.3340912246","28122.2314149795","32936.0493868544","36766.5495678768","39671.7516310278","43854.0648447902","46913.6026434005","51643.6443564817","65413.715311415","94444.9150522598","111196.39559052","128433.02485349","146579.239488146","167155.532506087","172536.177474262","194503.89646824","213283.904494249","227095.869751493","244289.540499633","269208.605754354","293676.353498462","315639.70094101","335452.47637","373334.516867984","400588.144373948","383674.830609631","463697.143536787","535991.890797164","570030.859758376","614315.28596182","643863.750699081",
"Algeria","DZA","GNI per capita (current LCU)","NY.GNP.PCAP.CN","1392.12535542912","1261.8215266247","921.712293205249","1138.98478549452","1179.47105591851","1219.80050745691","1144.39144058702","1261.41973069834","1420.99973475272","1559.68961023927","1698.49110388858","1754.90991660647","2094.56900194301","2315.65276548937","3629.5082790487","3874.35874997991","4419.31510247014","4825.5353287031","5685.673383647","6737.5507598277","8347.80186394774","9508.86093974497","9986.99261909061","10950.371651292","12186.6012074388","12882.9974440835","12817.4374851042","13414.7774550556","13883.3038761094","16470.9144989282","21102.1836386701","30684.9386453587","37592.493163733","41248.8274794252","51302.1978264713","66252.3854511549","83692.3118120167","89660.3461995265","90271.1817872104","101257.061593496","126830.571151667","142490.68046215","148878.604294974","170847.497956385","195231.064236718","226760.836526374","256378.826170001","285286.271049497","332306.257286499","305329.025882882","365273.842029769","428079.26299209","463335.628919025","466828.634672345","481893.892648625","462072.529639217","481150.601968567","499592.377410808","522252.128483131","522543.855754949","466717.713289317","550951.910273695","687915.922349896","718992.018472142","756622.526600201","781300.245956097",
"East Asia & Pacific (excluding high income)","EAP","GNI per capita (current LCU)","NY.GNP.PCAP.CN","","","","","","","","","","","","","","","","","","","","","","","","","","","","","","","","","","","","","","","","","","","","","","","","","","","","","","","","","","","","","","","","","","",
"Early-demographic dividend","EAR","GNI per capita (current LCU)","NY.GNP.PCAP.CN","","","","","","","","","","","","","","","","","","","","","","","","","","","","","","","","","","","","","","","","","","","","","","","","","","","","","","","","","","","","","","","","","","",
"East Asia & Pacific","EAS","GNI per capita (current LCU)","NY.GNP.PCAP.CN","","","","","","","","","","","","","","","","","","","","","","","","","","","","","","","","","","","","","","","","","","","","","","","","","","","","","","","","","","","","","","","","","","",
"Europe & Central Asia (excluding high income)","ECA","GNI per capita (current LCU)","NY.GNP.PCAP.CN","","","","","","","","","","","","","","","","","","","","","","","","","","","","","","","","","","","","","","","","","","","","","","","","","","","","","","","","","","","","","","","","","","",
"Europe & Central Asia","ECS","GNI per capita (current LCU)","NY.GNP.PCAP.CN","","","","","","","","","","","","","","","","","","","","","","","","","","","","","","","","","","","","","","","","","","","","","","","","","","","","","","","","","","","","","","","","","","",
"Ecuador","ECU","GNI per capita (current LCU)","NY.GNP.PCAP.CN","370.757747896868","334.886647928745","307.379069156287","361.008064032424","431.87813029256","445.12075216211","439.797918937696","449.004513544631","440.342053354668","515.90849298672","460.0737532831","428.576926498395","480.815385553207","561.420927270068","929.237286359485","1077.88711019041","1222.2201277655","1438.15880254328","1505.65351032365","1731.53828550955","2113.65576532686","2508.55344817102","2197.14844382345","1838.63057591062","1741.24381169707","1727.16228299951","1494.32285655203","1317.04315957498","1179.98766932699","1222.45175970127","1338.78277467704","1482.19751120779","1568.25162523257","1619.91251066632","1913.21158084054","2027.23261453288","2048.17394028423","2254.24201739372","2187.33193461138","1469.73388625184","1271.76428533038","1686.61649138624","1964.82604674273","2205.15152734315","2452.4245186958","2779.24469038823","3115.29716712133","3343.00689947423","4097.89922637093","3968.62663947291","4452.15957476091","5072.56724045651","5552.7245550627","6024.13151838841","6310.49008414279","5870.94909851548","5804.05284681335","6091.98313507685","6134.16051464593","6026.61029072571","5276.82161213925","5967.31234250631","6410.38101824758","6562.3482939428","6641.40669465674","6928.17146297617",
"Egypt, Arab Rep.","EGY","GNI per capita (current LCU)","NY.GNP.PCAP.CN","","","","","","73.3712244411162","77.2768959179554","78.3784253872177","76.6463285599488","78.9728618405243","91.7311956247677","94.4589856657149","98.4766865146126","106.406539391914","115.476388033637","133.640033433031","164.148977736384","195.529348421195","223.471748369925","277.124713103839","331.085259358086","335.537795192014","452.671435726351","522.880963082343","602.692521386031","673.371864549121","766.654670667589","947.111599777436","1109.54081219684","1340.36482782191","1598.32367860755","1886.28486996043","2274.02991282137","2478.58245705073","2733.53648824778","3124.13265992636","3444.55242975299","3910.94291917756","4150.50695210323","4325.0748472958","4675.36236466878","4858.21041783071","4975.48011331765","5355.4728167302","6090.11449953165","6621.07311519843","7506.02781222239","8917.3508898862","10516.2821747573","11920.3066786088","13257.8764567121","14665.7980274875","17559.1028696654","19013.5441610993","21320.6980278842","24113.0864918062","26297.0776043966","34607.4072999709","43097.2867361996","50232.5689404676","54618.2006800816","58297.8639077939","67335.4039864764","84787.3761360774","113919.386935576","146574.227420637",
"Euro area","EMU","GNI per capita (current LCU)","NY.GNP.PCAP.CN","","","","","","","","","","","","","","","","","","","","","","","","","","","","","","","","","","","","","","","","","","","","","","","","","","","","","","","","","","","","","","","","","","",
"Eritrea","ERI","GNI per capita (current LCU)","NY.GNP.PCAP.CN","","","","","","","","","","","","","","","","","","","","","","","","","","","","","","","","","1215.67890554986","1318.20694545168","1711.90047624895","1850.43256025008","2048.26269084185","2286.00924198528","2531.71610594111","2560.67706685708","3027.72738782865","3668.66681458549","4218.52210927138","4788.91388317829","5803.91181256552","6288.7438632354","6838.46873425653","7346.37276895563","7470.61094113006","9798.93731917995","8195.41444920626","10467.7439106749","","","","","","","","","","","","","","",
"Spain","ESP","GNI per capita (current LCU)","NY.GNP.PCAP.CN","146.039125035514","165.849194212691","191.738973817395","224.630626143254","248.453622015791","285.536824888798","326.567239151904","365.256402854632","406.790439845449","460.460734075185","503.042641638295","561.923143339755","653.057788576383","780.675423012873","949.315041965933","1098.22816776153","1303.22425165087","1634.12854827275","1979.62536068864","2301.57192549984","2638.18059534826","2923.58862269133","3339.4607467612","3774.97744719395","4244.7459408421","4733.39290085094","5408.02766407676","6032.9415043086","6691.36830741266","7510.80059619194","8353.76224273954","9139.67331732363","9785.6371488764","10112.1286710777","10563.9363092589","11488.8335655604","12079.5524886881","12797.5080203056","13633.3323877835","14602.6896114146","15848.4311621632","16921.640839265","17890.999899159","18870.4773636926","19850.9874738755","20967.8544425941","22216.5892494545","23239.9358407005","23534.937226284","22698.8379901484","22788.1646989064","22461.3269533848","21968.8664766499","21866.2495139654","22282.5584779302","23399.5715378446","24210.5479085161","25112.7133591828","25922.6137157721","26633.1689966113","23886.9670374369","26214.6255041305","28935.6934784093","30874.4973995982","32555.6758359052","34161.0202293451",
"Estonia","EST","GNI per capita (current LCU)","NY.GNP.PCAP.CN","","","","","","","","","","","","","","","","","","","","","","","","","","","","","","","32.4852562552883","69.8570442653662","544.254091980933","972.488552062722","1359.57665201301","1926.51374997951","2569.33860732608","3109.98892589153","3576.21191875236","3785.36611435086","4251.21815910693","4786.63655388783","5371.64171530069","6009.42789191082","6773.62372023045","7987.52634201251","9518.12579354178","11284.0573440344","11779.6109461592","10267.2506491122","10476.5016241386","11970.4935594027","13112.4612155779","14192.0656875547","15072.5916571894","15634.4766296667","16512.2093951162","18030.8854517741","19593.9868847945","21042.1599851684","20656.8977421961","23083.5234256897","26379.0368019928","27246.4288477004","28452.0392526347","30030.7184900745",
"Ethiopia","ETH","GNI per capita (current LCU)","NY.GNP.PCAP.CN","186.510050174739","189.953697330543","192.639731421938","196.190137906475","208.975260270319","221.413451458976","232.470588480464","239.771229279497","248.017674965345","254.754837654687","272.860999201987","280.430625187193","274.556212562905","281.538090751136","304.817750775399","297.554183221821","314.466339892725","352.621973914526","369.080428125528","398.027421173006","422.020895412448","439.787511487363","445.073644550369","480.912889723611","442.41077607899","503.145786711837","507.595134551545","523.723636358412","521.195647329353","527.095306332715","539.650463712741","571.503048100177","577.809609400069","712.210872125436","730.179427970196","847.142795195502","926.228749470195","921.410453061133","863.121656554329","900.795113561069","988.998996224591","980.34503399318","929.834923924678","994.523587751399","1140.65922715406","1365.10850994679","1639.5609111824","2086.96572480461","2927.05291173626","3835.24898225877","4246.60698981651","5517.53630194406","7783.67740369769","8786.96930033174","10462.2795234089","12445.5761680535","14645.8205380261","16613.1150829942","19440.6998643189","23105.8493533555","28217.3703783864","35358.552672094","48882.9469727897","67597.164505674","89095.7201942443","111230.871876603",
"European Union","EUU","GNI per capita (current LCU)","NY.GNP.PCAP.CN","","","","","","","","","","","","","","","","","","","","","","","","","","","","","","","","","","","","","","","","","","","","","","","","","","","","","","","","","","","","","","","","","","",
"Finland","FIN","GNI per capita (current LCU)","NY.GNP.PCAP.CN","633.914692532424","713.062617149938","757.597605658035","816.0971431777","914.638208606143","1007.58566528243","1075.75666172443","1171.88749055884","1336.12547842791","1525.26371238905","1756.95323824487","1927.42888092341","2231.96930290321","2700.42933245265","3385.14561330873","3885.47047187272","4393.13882662838","4789.33347851464","5283.58486262469","6127.31804167742","7056.71848830482","7900.75925569442","8815.56155844715","9758.59855467301","10872.5143148955","11809.6893520999","12703.7654778602","13669.2900805596","15469.5293482377","17059.6766438286","17909.5876389345","16839.5608866834","16120.4519959572","16109.8720661639","17110.6397714143","18711.2234449733","19450.2059000818","21227.7242362838","22918.413861808","24318.7750049657","26184.4141146542","27864.2592686827","28629.3999267007","28931.4396623527","30576.2702527767","31519.2478368676","33122.8870236","35472.8554357198","36620.4382543076","34462.7169302274","35538.7824629075","36839.4542814468","37176.9630831048","37626.5956140241","38101.7198167833","38698.2024556481","39424.9416274225","40806.6934218605","42215.382941787","43351.1554428186","43400.693330353","45621.2280164454","48325.9318666707","48990.5730947359","49071.2397402735","50000.5667291722",
"Fiji","FJI","GNI per capita (current LCU)","NY.GNP.PCAP.CN","211.910977630796","214.179959080607","217.867959938309","219.458174648192","235.422975886054","236.787811458499","239.883080123415","253.772002092717","272.54795079235","290.7082798096","345.640338260653","372.929529624613","457.948152494373","596.721516678528","789.794868270574","953.849239285578","1047.35147745477","1089.82025911459","1139.86286352846","1341.69306801178","1509.56034113478","1592.00938140237","1603.17427318113","1613.96478868135","1761.34019889178","1802.21910271485","1964.3771320671","1933.77954539398","2063.74771483214","2251.73810974774","2469.49500592255","2544.0707183681","2836.96612703191","3085.77386005777","3204.69669879752","3399.95442856678","3667.62919124298","3649.00589677383","3860.10230365652","4431.68539650024","4332.33560349574","4390.67509734038","4710.22051188219","5036.5583652512","5368.00378788745","5794.90219055531","5767.97156222448","5892.19363979007","6061.66422588469","6163.40413055435","6411.48537102147","7185.83498815429","7483.73657529964","8255.37533611538","9526.78215097239","10043.3608251014","10615.7090231797","11091.539348186","11883.6603502039","11556.9040954247","9355.04736257094","8828.51847528829","11284.5896661163","12575.9485794978","13670.9934710331","14357.3692703666",
"France","FRA","GNI per capita (current LCU)","NY.GNP.PCAP.CN","989.579558873392","1061.09295494663","1178.44741410515","1307.620324064","1434.41011862557","1534.29612116431","1646.11419819236","1764.02162097113","1905.29685414546","2169.34317038955","2408.87174612408","2664.30077985616","2942.24259963058","3342.61990257334","3867.55091780646","4339.22444801203","4990.68425593616","5593.76514538922","6330.18069380237","7211.001717702","8159.21407360803","9139.94161467205","10413.0449074932","11424.077316149","12338.4575356244","13220.0655921539","14251.035386929","14947.9761758806","16055.3788968285","17145.2882486604","17993.9699639958","18556.1244222067","19144.8784860647","19309.6490007782","19852.7032418094","20470.0589812509","21062.4507903203","21783.4922340167","22674.4673644181","23538.5248345401","24596.184082247","25410.9497436925","25827.4693020669","26435.2696082585","27449.5456594503","28394.7538917407","29624.6387786228","30905.6141277716","31617.8071042233","30633.89088529","31445.6981047227","32438.1921686639","32545.0028609762","32894.4700873355","33212.0547531718","33749.2053888341","34123.4226240041","34940.4779161129","35864.3247150749","37173.557217254","34983.6785224385","38125.5988935954","40132.9455479861","42297.5472839975","43411.9626553717","44118.9051663206",
"Faroe Islands","FRO","GNI per capita (current LCU)","NY.GNP.PCAP.CN","5699.29967474434","6253.43635153515","6715.67085204359","7925.74383317793","8893.35509247636","9910.03108922332","10897.4386136462","11179.5037901188","11751.8663471778","12375.0178067375","14910.2380516867","17019.3473374157","19031.4484836107","22005.2452316076","27143.0733556076","29363.0447643463","35694.7805948318","44955.1557827723","46528.3120472741","48985.2002539921","57438.709602526","64800.7976894512","74596.450159607","89209.758226998","94526.0317671297","102102.404340502","112958.484349259","120444.518436041","","","","","","","","","","","170842.100550656","180870.952022328","195757.747956463","212535.649190522","219340.868279286","213528.481012658","221715.856481481","225769.763642755","256530.464466743","270937.202860805","263093.497023503","246583.316253331","273024.909569221","292089.3247085","306289.086767447","330260.13058348","349879.199620047","363730.622929363","396848.149121566","405316.965264354","406092.515245995","432699.362811354","417029.736877152","451466.476515734","486321.726063484","502976.212360749","520045.754026354","",
"Micronesia, Fed. Sts.","FSM","GNI per capita (current LCU)","NY.GNP.PCAP.CN","","","","","","","","","","","354.354977767218","377.190266508345","423.180175985099","571.389569593349","736.099484402805","718.143990627039","711.837825312459","702.000664282787","774.35189817742","843.146721027527","870.632010024933","1006.24889089405","1022.32809934443","1046.41418280586","1019.84506056713","1193.03767821909","1354.17709665532","1374.93424992619","1484.68705521283","1532.4619152955","1686.51190428991","1841.4494812854","1872.87082800603","2036.12724861301","2047.21521888609","2095.78608364329","2048.62252732364","1862.76165695816","1950.06958348672","1997.50626790831","2103.57091856771","2148.6539402839","2151.19788702334","2179.24299772899","2165.50993969176","2291.95329048935","2334.91406948496","2396.82835820896","2462.24572225894","2718.4175180859","2813.49358378278","2948.56171888057","3145.43516544629","3139.94136199258","3152.7602494557","3419.24003826484","3482.75498510199","3720.61636265653","3674.66813454767","3809.22725376761","3880.72505319341","3966.51347380492","4105.42394348609","4452.70443043594","4763.35542594556","4870.54001037974",
"Gabon","GAB","GNI per capita (current LCU)","NY.GNP.PCAP.CN","64512.5516282919","75258.7779248494","80016.7167001176","83627.6969509946","89559.5319470461","92438.6975845128","99916.4777451336","107617.011301562","115332.796278595","131670.084145413","142486.464623409","161913.937417399","163134.501417161","233913.516668113","526948.807378827","648749.541299643","998187.796253992","940943.883432471","686120.816315053","778337.617823479","1088604.99018559","1249894.25873748","1375927.1037368","1454861.56065622","1749607.97887465","1623739.67873042","1241391.83949223","1008637.41787496","1137891.77600911","1317155.93780625","1476923.63992705","1353360.34775795","1239969.95319633","1227949.26561672","1872864.83000219","1907971.10841844","2189611.1199941","2277650.8565402","1932027.90294256","2027905.92092137","2394032.63790676","2457127.38882199","2503530.12894617","2431918.83386986","2439660.97569726","3107290.42463418","3105790.6820558","3267677.7380309","3720431.81358595","3038834.08082544","3591672.17955449","4154856.80474303","4272944.51902632","4102615.09963885","4306714.45284798","3820365.95635743","3871364.98938726","3767986.31475729","4046165.47254961","4106747.08273471","3642736.42827957","4267849.1572847","4668864.46211802","4347538.56363659","4778892.6697472","4688324.6201116",
"United Kingdom","GBR","GNI per capita (current LCU)","NY.GNP.PCAP.CN","566.820132468399","596.262906208741","622.832883878391","656.538887188952","711.643521526198","762.559465531107","804.86965693886","842.355018396275","906.635453013841","972.977572827092","1065.27421593242","1180.8427914709","1315.23965890636","1518.90672556066","1718.6898930453","2153.45654486019","2552.00479727022","2932.94798265963","3392.60159315249","3969.8398051834","4609.48061498361","5068.97518008229","5542.366795285","6095.41369184814","6543.52477519791","7089.09816307148","7644.56708158705","8405.49369256919","9383.96988198863","10239.0946983613","11031.0451867787","11603.7189409325","12144.3458835178","12746.7237172396","13608.7217402973","14312.8436135523","15209.418956985","16165.2009465378","17221.5466131265","17776.5876437435","18810.4892244879","19565.9065976228","20354.1393021269","21407.4244792877","22304.9963155073","23472.5280154174","24196.8766814765","25074.433164891","25582.6383405309","24831.175662897","25754.9724283061","26508.4025450368","26773.16319003","27401.883438835","28502.3599870007","28980.3954706777","29845.1666006158","31453.8081377721","32318.6295955466","33780.1224710332","31161.9268804315","34679.8650303085","38179.593707493","39491.8133263287","41325.1396486771","43477.1798989536",
"Georgia","GEO","GNI per capita (current LCU)","NY.GNP.PCAP.CN","","","","","","","","","","","","","","","","","","","","","","","","","","","","","","","0.00312369845897543","0.00397030542401621","0.0304093567251462","3.28236036733115","183.260354055643","499.007605005194","841.429490266378","1085.12549561336","1245.90660728008","1435.12772563788","1500.32488531764","1672.85401730233","1879.80573153551","2172.33215984064","2537.53425982981","3006.07441084093","3627.69680134277","4417.93781498063","4933.54481246861","4696.17160568884","5747.007324329","6756.56103742878","7405.04141464689","7695.97860809518","8420.40031037147","9064.72634510839","9362.1220897088","10556.4506636795","11717.3209315106","12763.1169726256","12742.3601478061","15353.7092873071","18260.6048697078","20078.8974407903","22603.6156681752","24908.8140402656",
"Ghana","GHA","GNI per capita (current LCU)","NY.GNP.PCAP.CN","0.0123397998768893","0.0127885325396253","0.013315388677831","0.0143984188885964","0.0159049052988933","0.0183568733487377","0.0186264918996433","0.0177951581454012","0.0194437552215273","0.0224616107253271","0.0248044631900758","0.0267429097506349","0.0294442142330937","0.0357708389327135","0.04628757915961","0.0509116299998018","0.0611425502031022","0.101934856084717","0.186141201676675","0.242497039170045","0.357326850144137","0.589526932401607","0.681961676294164","1.39984877783573","2.00163941905331","2.46685711805285","3.58114019996968","5.07872149892072","7.00073951762462","9.23186022242031","12.2388508006159","15.0926657400262","17.0311442394757","22.9012667576438","30.0053080086788","43.6351030635811","62.3449980659938","75.8781230813734","90.6726795688964","105.185269200867","134.193513528763","184.937667441907","230.765688789269","303.933026259226","357.16215317717","427.955906958562","806.763300875121","973.821284318656","1239.41901561348","1466.66199969561","1777.36121636138","2220.97772960183","2674.11014582483","4418.62258109406","5363.16977295726","6203.20804230043","7186.73039058626","8326.23474783055","9618.84938711716","10937.0988176344","11694.8600200158","13415.4847808174","17251.6599133031","24934.4603242804","32178.8638869553","38398.1891157441",
"Gibraltar","GIB","GNI per capita (current LCU)","NY.GNP.PCAP.CN","","","","","","","","","","","","","","","","","","","","","","","","","","","","","","","","","","","","","","","","","","","","","","","","","","","","","","","","","","","","","","","","","","",
"Guinea","GIN","GNI per capita (current LCU)","NY.GNP.PCAP.CN","","","","","","","","","","","17110.530139204","18702.7077610672","19856.0652022029","21807.4953860397","23517.3722720832","24960.8275633042","28165.8556628253","28037.8593230591","30109.0953611978","31490.7128344964","33725.6374665943","36175.0371814684","46801.0860427252","60026.8186173998","74560.7539528505","91000.3086723467","159557.510619636","207115.784513333","262027.18477608","321358.290303872","383663.727657889","476174.972055344","606375.363974079","629721.295472882","646153.336527296","696325.370486264","717453.62811107","746570.954248762","782395.460622941","833913.450495534","889998.117354813","922399.351109373","972419.783478705","1069512.21248727","1245895.48350022","1577950.26866125","2279129.58053614","2701726.88674651","3195044.13119881","3099597.78130581","3732356.80033813","4155797.16632839","4807540.40486446","4920162.07491811","5237064.34459951","5503189.81533211","6309115.45976445","7538861.71390638","8280872.72269463","9391328.79956539","9973594.83477266","11151585.9136999","11906895.8481372","12097077.0076196","13166349.5826337","15527182.8259836",
"Gambia, The","GMB","GNI per capita (current LCU)","NY.GNP.PCAP.CN","","","","","","","168.510787251663","177.95293902672","173.138233969822","184.712625628141","207.878192346953","207.431941385422","207.356537083386","219.912201415757","275.036539718377","341.974981089975","402.908735797157","496.144138005792","535.353161355893","559.698802953401","571.280394109646","579.061457804837","626.725066699053","663.104622258582","774.393524467952","1137.85060439599","1659.17525242752","1903.11322953396","1880.27758307908","2004.08906053945","2178.182054355","5320.83250375696","5401.94049836677","5645.77642391016","5687.58631254553","5817.50974639982","6264.41989841787","5941.42068535928","6299.2300580906","6324.97790968788","6614.72780952852","6885.36111105537","7072.34678070002","8397.07082417656","17434.3257189239","17231.5414114984","16837.2421331856","17662.2576841657","18753.6673502573","20247.8410534877","22003.6927173355","20462.3352139144","21756.580607647","23004.2183266629","23145.9580564446","25702.6236565134","27666.1574791496","29384.1342436498","32938.302748088","36344.142932966","36547.540021139","39925.4980376629","45280.2032262836","53418.6405445828","58235.6701550876","65073.9653937053",
"Guinea-Bissau","GNB","GNI per capita (current LCU)","NY.GNP.PCAP.CN","","","","","","","","","","","192.298622697009","187.533935154148","209.269897037264","231.230779611611","254.535013320551","279.666153070975","269.991859589076","243.200927757085","273.71336147552","285.504158601334","260.612662681794","313.831348999088","369.834623801395","436.61430647936","746.062127696179","1009.2398515312","2027.58167511945","4026.91940763566","7386.95139592871","15294.4663260906","21130.1757455562","35966.1856211148","58373.0620018822","85966.1614458628","106474.654474095","158664.627407141","242806.253853183","342429.792157317","286628.237273605","287480.378877646","217947.094248915","232621.285637606","246436.092179752","239548.731428277","223716.433097232","240794.535044894","231054.010766599","245178.611096179","281127.895829049","270847.289496632","296239.82444503","333658.055962529","314226.433178295","320824.603929426","332528.65238622","389833.71494528","408474.238178758","459174.784984273","434317.34374935","483196.835385141","494745.192536465","518371.586392538","552801.205397788","588331.869668454","610141.479917796","659420.448052136",
"Equatorial Guinea","GNQ","GNI per capita (current LCU)","NY.GNP.PCAP.CN","","","7974.71154463655","9287.84991170248","10669.5850545656","13026.1737270234","13601.6978340807","14302.5288241048","14822.0631082425","14590.8587764366","14589.3274065392","14373.6152434006","13552.2897359339","15690.0367538813","18487.0131851515","20876.6207828385","24770.9327440745","28648.8498043565","","","18703.7897894985","18354.3801854563","23556.211050972","33860.6162698262","41644.2092195375","67489.8227712834","60601.7428989346","62622.7547914665","63346.0028522624","56570.7791895063","68661.0254831595","69480.1855685602","77622.4752824167","79362.2571095971","93203.9957247091","103110.40534674","161564.139196485","366510.994613328","267053.423521452","480067.449124269","684164.474980769","574452.905835409","717447.766984938","633532.856408236","869672.37934165","2323420.17919138","4191984.99913666","4834443.15106308","6043586.62277669","4132341.79204753","3985724.31743736","5164930.81528544","6059929.66277871","6083659.55588174","6208608.48618545","4600309.64500871","3582549.79186917","4210261.67501709","3966143.74216634","3172703.85114871","3203264.51183477","3578915.84945525","3521073.42860866","3766075.56714328","3780366.03687155","3485607.48564071",
"Greece","GRC","GNI per capita (current LCU)","NY.GNP.PCAP.CN","48.56743419694","54.4387518158655","57.5070695979955","63.998978647793","71.6210349732874","81.0271101356555","89.4638416328617","95.8974123384682","103.432942784768","117.019970930808","130.959470437071","145.615212574936","167.333804840549","217.726948750025","251.522743082762","298.396337539098","366.624179081439","424.177694867192","508.586635616981","624.266332080279","744.924139567551","879.937259366536","1101.95160891161","1301.92407747801","1594.38139941528","1932.40121565932","2288.29206087103","2584.4095825033","3126.18753225427","3702.36367930005","4478.84167669345","5488.04882520166","6315.55049259997","7046.53057705325","7954.05241799861","8876.97590417478","9678.90749731053","10661.2626060641","11523.0006357196","12064.8933743652","12918.1170569743","13857.9665106338","14713.7401624605","16023.190083738","17152.879705737","17827.3122472445","19044.0851217047","20179.0050082034","20868.961379749","20588.0526697672","19658.9297100053","17815.7067434832","16872.8590673201","16120.846374958","16133.2790998652","16081.3617520862","16005.6303974834","16299.5400420598","16515.8010681567","17018.6041574835","15501.7104576029","17337.2680373846","19570.7112750238","20978.2792950867","22104.8759199065","23347.0017186413",
"Grenada","GRD","GNI per capita (current LCU)","NY.GNP.PCAP.CN","","","","","","","","","","","","","","","","","","1953.62809610687","2434.66531332745","2843.85567075086","3104.90209228035","3179.73228639476","3436.80634224384","3619.55587268821","3976.41771555425","4564.68904703936","5078.02160347143","5768.67540963435","6319.17355657729","7022.17122506835","7191.15879828326","7872.13695395514","8100.46258931911","7946.83538121935","8280.18674009579","8545.05001492264","9074.8192840205","9622.33576780983","10764.9322227358","11528.6225603643","12219.5214562917","11976.4351264504","12272.5987970924","13403.4357665038","13186.5947696276","16418.2313594693","16420.7808598538","17530.4192830387","19070.2432910114","17187.9177377892","17690.9845321098","17992.5293766004","18329.593438262","19435.8693066166","19606.6834892931","20733.5449440162","22634.2395552853","23508.1169112424","24577.6248800685","25423.3883136031","22555.7628007323","23680.5841217606","26295.1083284151","27579.0264859371","29299.017976742","30884.0159001696",
"Greenland","GRL","GNI per capita (current LCU)","NY.GNP.PCAP.CN","","","","","","","","","","","10130.1228448276","12547.9915254237","13761.8115942029","15598.7428571429","18860.997979798","22056.4274193548","26401.1327967807","30922.963562753","35970.5467479675","40221.7741935484","48107.5697211155","55235.2941176471","60737.8640776699","66583.4932821497","69089.1840607211","76597.7443609023","83719.6261682243","92162.6617375231","102171.532846715","114773.960216998","105323.741007194","109045.045045045","105153.707052441","101666.666666667","108972.972972973","116451.612903226","120644.007155635","122875","133778.966131907","137147.950089127","150093.441309958","156051.011901595","158812.615955473","161318.743282057","168459.348307498","175076.842012822","173607.686481726","196569.988506763","","","","","","","","","","","","","","","","","","",
"Guatemala","GTM","GNI per capita (current LCU)","NY.GNP.PCAP.CN","254.25386751582","254.240061573728","262.450939739947","281.199473724986","280.478982233852","280.490906946173","283.931403660185","288.037708215251","308.531800111408","319.511892626345","345.712757871738","350.808137073192","361.738590593811","432.692003317768","520.547960550371","584.117658288478","690.038553884419","852.017092828807","922.512967242111","1026.38355467622","1135.41439016656","1204.38443235164","1188.27532122204","1204.54604143974","1213.96751954806","1399.32668704368","1904.20154437877","2080.73052624093","2353.82798535273","2641.36378522772","3705.25226950307","5045.55731174827","5592.82463858918","6500.77280007149","7359.97649476021","8167.5806429092","8889.11614144473","9801.84085953688","11028.4840263772","11711.2042363782","12662.0809051983","12028.6199283474","12853.7052474031","13477.0619252582","14374.3473734954","15339.7114557572","16529.8224591525","18393.5905622896","20544.8561316852","20896.3848476158","22029.708142944","23985.907590295","25213.9634015295","26429.004200012","27777.2886464978","29091.6725870182","30190.9641976401","31114.0527182459","32060.003437082","34095.6450971752","33950.0977080282","37057.1185801184","40606.2909779129","44233.8640875025","47039.9402891142","50069.3950962124",
"Guam","GUM","GNI per capita (current LCU)","NY.GNP.PCAP.CN","","","","","","","","","","","","","","","","","","","","","","","","","","","","","","","","","","","","","","","","","","","","","","","","","","","","","","","","","","","","","","","","","","",
"Guyana","GUY","GNI per capita (current LCU)","NY.GNP.PCAP.CN","470.708767392378","509.297627058129","500.958417091967","449.93270746068","490.862610250835","531.388948369463","548.989741708112","593.829786912795","617.457406530999","662.974140241632","701.71693669463","741.024496886322","799.731713637567","839.704275082245","1226.73452050451","1548.84738654643","1429.43929768309","1393.91606713996","1573.53129667559","1621.94719386231","1811.80254323854","1831.40512046447","1623.51025862868","1622.65073315711","1789.14897217582","2145.23582686198","2333.03562826618","3365.96346123645","4200.54695305682","9234.76356699542","15236.819337133","31921.7073761033","43917.2115090991","62701.4535868201","84597.9608955548","100302.224718746","120600.745536642","126229.757755053","130367.765909799","145783.488187442","159499.739027656","161930.705567336","167566.967676376","177878.157675065","196623.243417653","211305.088354269","609512.19343159","727140.201833626","812366.652133696","853873.524984909","936484.24703973","1006769.01479991","1119170.97085844","1149162.13519355","1137140.30195073","1171467.85436114","1199894.00574686","1253669.69442236","1230380.7237896","1314153.29103032","1385377.77223241","1646576.39163096","3394442.96568923","3404327.90224033","5291179.72005338","5543301.56844732",
"High income","HIC","GNI per capita (current LCU)","NY.GNP.PCAP.CN","","","","","","","","","","","","","","","","","","","","","","","","","","","","","","","","","","","","","","","","","","","","","","","","","","","","","","","","","","","","","","","","","","",
"Hong Kong SAR, China","HKG","GNI per capita (current LCU)","NY.GNP.PCAP.CN","2309.78334905843","2592.97026609009","2807.2849146799","3107.63360519162","3482.07364606517","3867.81180688735","3922.97319485385","4145.26708391533","4333.49982906882","5013.84626931339","5814.85226067189","6567.12720935407","7764.57444951014","9686.43938608072","10730.2751838823","11044.6920387305","13892.4299468792","15879.3107533216","18273.1654204606","22701.5847617502","28005.7671584602","32941.698730563","36563.3958400608","39788.4049877458","47517.1816076622","49788.3130933617","56576.2242696304","68898.4882716602","80855.4243016561","92128.4865463754","102120.953580507","116222.535917942","134356.516765796","158652.940179631","174281.737747291","183365.767287731","190292.595757905","211420.64629467","203805.339486835","198607.129342314","202287.471867967","201300.95467882","193610.859862695","191492.096036132","198264.465246554","208358.627370399","224419.06928585","246311.900871853","259851.389807123","245096.231069298","258239.799550127","281019.288421291","289018.894840632","303503.879424424","319055.536344146","335009.669057644","348007.387618243","375366.95882703","398551.378042562","398079.22321821","378542.440850154","413687.2563435","407657.260314997","429125.27700004","465677.888385322","488901.438877702",
"Honduras","HND","GNI per capita (current LCU)","NY.GNP.PCAP.CN","469.57901321979","473.590471997066","484.082914158338","487.77706405426","505.746031677313","536.733585539365","553.100826361162","579.477560977159","611.131957376949","618.509831707355","641.14239388668","658.960508231097","686.603715729703","727.421492372966","793.267772875726","814.87921023013","929.622089467248","1077.89699160403","1312.32307971871","1466.06579674969","1621.28240358041","1739.97560504537","1720.24953469902","1800.5852619334","1830.25584247056","1913.47341940564","2021.21918254382","2091.93538872296","2300.47643455573","2468.09166271156","2855.16198412686","3546.10413537474","3947.31525462441","4759.00147679002","5857.56308831917","7365.53931894996","9103.90036914244","11599.00083242","12930.131394509","13970.8258605666","15711.8222231141","16930.5147253038","17908.0595239073","19167.2731241501","20991.7558501898","23419.7360248343","25627.7661570738","28846.8317881329","31790.1571614761","32988.7340491012","34128.3963261238","37142.2185113124","38594.5917166987","39373.7376646337","42072.9082097758","46444.0331893339","49002.8770619121","53204.7779459138","54270.4662777349","56548.6980462775","52705.3037459831","60164.5967196692","67671.5751110105","73230.8324465979","78259.7675181002","86208.6344989256",
"Heavily indebted poor countries (HIPC)","HPC","GNI per capita (current LCU)","NY.GNP.PCAP.CN","","","","","","","","","","","","","","","","","","","","","","","","","","","","","","","","","","","","","","","","","","","","","","","","","","","","","","","","","","","","","","","","","","",
"Croatia","HRV","GNI per capita (current LCU)","NY.GNP.PCAP.CN","","","","","","","","","","","","","","","","","","","","","","","","","","","","","","","","","","","","","","","","4839.67172340007","5268.22034410387","5864.91403237758","6465.50190671042","7005.35097953966","7680.41181526739","8197.98173843339","8924.48631562881","9808.56587962973","10470.2961571616","9997.09647515401","10003.634446587","10247.6065160624","10179.3227721173","10442.8621972724","10531.6005481724","11045.763411594","11373.9306142614","12265.4034597357","12951.0456217761","13831.0011166281","13116.7263041342","14943.5792286686","17469.0822615487","20494.1922218543","22285.1961874709","23733.1939786389",
"Haiti","HTI","GNI per capita (current LCU)","NY.GNP.PCAP.CN","","","","","","","","","","","","","","","","","","","","","1219.61145912908","1280.93156117738","1251.02447130598","1352.18790908431","1481.35760219995","1606.88475934369","1822.84558278007","1571.9633105528","1966.20921490785","2018.44722691754","2245.3251840668","2570.71730910806","2884.70282156515","3164.4285845598","4303.69399540768","5400.3362756405","6078.97167675828","6898.56497678087","7889.64592359822","8505.16814749458","16079.6332500758","17817.0217591987","19481.0535430091","23357.0831990093","27055.8281388552","30094.8462097986","34382.5910681228","36831.4292539145","41911.1978733312","48744.7425951648","48855.2572533273","53015.8313787002","56829.5236703993","63002.3930281475","65370.414523531","68707.7216412965","79866.9344776444","91937.0869775741","98186.4230081072","114141.877872481","129203.633880501","148202.239061712","187394.657362222","237140.767351946","272394.617779298","352176.05474339",
"Hungary","HUN","GNI per capita (current LCU)","NY.GNP.PCAP.CN","18426.2557723378","19394.8589573801","20390.4450131871","21398.0711486303","22422.7340010473","22232.3609881465","24491.1240832125","26384.4268200054","28773.0978848121","31840.8757404802","33399.6664944681","36146.7366407393","39087.021547912","42750.0192419931","44454.9153653114","47206.6898478543","51812.7526348296","56547.0425972202","60751.3585571432","65450.1543896523","69432.8382141314","73655.3243248373","79184.9896631525","84850.2485475648","92271.3297846533","97623.4314690742","103041.707683379","116544.701832693","137245.035915914","164311.893970229","202132.068962361","242588.29111567","287847.383166676","348603.642589063","427665.802923713","542118.796123329","661190.61872105","808242.250366018","956477.10355065","1065733.6291078","1231330.88909958","1426126.58791453","1620348.28000057","1782645.17522591","1960302.24555973","2098606.87920619","2266441.40767343","2365554.53679376","2536841.80850169","2527735.17981771","2616696.98159694","2724436.29874745","2797940.33725785","2988722.98190147","3193088.13817256","3403162.56121938","3625433.42532676","3886042.27349797","4319463.01644881","4826782.41502889","4937957.9106138","5598194.234992","6678154.067319","7605168.10245339","8356892.36582265","8928158.59457111",
"IBRD only","IBD","GNI per capita (current LCU)","NY.GNP.PCAP.CN","","","","","","","","","","","","","","","","","","","","","","","","","","","","","","","","","","","","","","","","","","","","","","","","","","","","","","","","","","","","","","","","","","",
"IDA & IBRD total","IBT","GNI per capita (current LCU)","NY.GNP.PCAP.CN","","","","","","","","","","","","","","","","","","","","","","","","","","","","","","","","","","","","","","","","","","","","","","","","","","","","","","","","","","","","","","","","","","",
"IDA total","IDA","GNI per capita (current LCU)","NY.GNP.PCAP.CN","","","","","","","","","","","","","","","","","","","","","","","","","","","","","","","","","","","","","","","","","","","","","","","","","","","","","","","","","","","","","","","","","","",
"IDA blend","IDB","GNI per capita (current LCU)","NY.GNP.PCAP.CN","","","","","","","","","","","","","","","","","","","","","","","","","","","","","","","","","","","","","","","","","","","","","","","","","","","","","","","","","","","","","","","","","","",
"Indonesia","IDN","GNI per capita (current LCU)","NY.GNP.PCAP.CN","4382.98103188511","5122.7404086048","14201.7448837146","32983.3735728895","70962.6020561053","232200.165875583","2996.35560301252","7868.47255778199","18893.5576668676","23845.1501812974","28446.0596349592","30339.0363114329","36086.5760223336","51941.7122950176","79350.4447841779","91675.1155503289","111223.596047617","132330.407984013","154130.41553713","209997.833118852","291606.864936508","341686.644856658","369588.623167465","440571.823177652","507724.528745052","544375.085687444","577954.237890257","684652.814884742","764372.227620396","882960.381656925","1013518.18614186","1159401.12894737","1302003.92179182","1641048.72767809","1892099.50273213","2206975.27716726","2550613.72997786","2950285.27580131","4298115.64384239","4769695.46977252","6005282.17175861","7235444.9108326","7957730.09313247","8603767.33483462","9610443.08320437","11431809.0306887","13664993.873777","15980642.7412381","19873687.938623","22243167.4940334","27126341.364064","30524040.2862016","33132411.6230022","36195890.1200437","39460038.6290732","42566940.4199055","45364594.2741617","49221561.3264633","53330149.3095513","56337373.908123","54652450.450337","59676148.056223","68354643.1172893","72334103.3772167","76071404.5828709","81154577.210499",
"IDA only","IDX","GNI per capita (current LCU)","NY.GNP.PCAP.CN","","","","","","","","","","","","","","","","","","","","","","","","","","","","","","","","","","","","","","","","","","","","","","","","","","","","","","","","","","","","","","","","","","",
"Isle of Man","IMN","GNI per capita (current LCU)","NY.GNP.PCAP.CN","","","","","","","","","","","708.860759493671","698.247292962589","826.258999076124","1028.22026915682","1144.76064864134","1384.27925749262","1762.96296296296","1970.24331611604","2152.31257412097","2571.19815303847","2985.51719832699","3161.18645117345","3091.85913489781","3478.26086956522","3588.53520952145","3762.78318659648","4475.70909652987","5177.9044773389","5921.73065386923","6649.81560702168","7385.04846479772","7868.82592253037","8150.52662999446","8249.51958401628","8550.59858363309","9100.0936892593","9894.81866004136","10991.7294161215","12278.8616455233","13795.6678700361","14559.8012133388","15820.9895915058","16953.2578453575","18368.7042755192","20228.1576809828","21805.4856884149","24222.3578349565","26910.7052632876","28892.4648599885","29667.8522769746","46157.6550260513","49496.9424758835","51176.90164226","54751.5598816273","55455.5976731989","53452.4302274114","54176.5868736971","59152.9620016984","63604.5582005847","64957.8951129745","60632.4704986677","59028.4284117661","62717.3251557077","69738.3354125824","","",
"India","IND","GNI per capita (current LCU)","NY.GNP.PCAP.CN","402.790127954625","416.156771664786","436.685206225317","490.154773765439","558.194848119544","575.264482599636","636.574024456237","729.920671375063","756.797661133157","816.006441002652","852.462141577657","892.837015373834","963.103532572979","1146.86549994332","1324.64645318033","1389.76156630699","1463.24110163136","1619.69945719647","1715.88416304097","1843.31550199778","2144.56979967492","2455.82529848639","2674.1213461934","3039.57882811772","3321.92880457555","3664.0897437987","4003.60381550201","4440.99167448429","5135.31866777526","5762.69307589291","6573.20769114041","7378.24549816071","8301.06941562571","9368.77994799164","10779.0704919902","12413.8017265344","14103.9538372701","15334.171800312","17251.2933465826","19001.9408995185","20012.3565224494","21293.0512233027","22557.6068468562","24819.2575280371","27851.9415646374","31229.6060116144","35991.738105202","40969.5834388522","45377.0086872283","51638.3412591912","60738.054532186","68659.4781042526","76854.9782511421","85610.3191792489","93886.6384551829","102498.823099949","113213.534765209","124334.481013967","136014.408714363","143340.8543525","139648.948481646","164895.530040952","180629.303609727","198682.410841471","216398.312392309","233055.231464926",
"Not classified","INX","GNI per capita (current LCU)","NY.GNP.PCAP.CN","","","","","","","","","","","","","","","","","","","","","","","","","","","","","","","","","","","","","","","","","","","","","","","","","","","","","","","","","","","","","","","","","","",
"Ireland","IRL","GNI per capita (current LCU)","NY.GNP.PCAP.CN","344.412147960207","371.688536609715","400.071939756524","426.973878575496","482.728666017687","514.917486837434","538.531679753458","585.0412731017","659.180588627209","752.758576671031","839.058584833883","945.607860831203","1123.66959184681","1323.52533255562","1442.43984063745","1791.52325563167","2146.28063186177","2565.82109560661","2951.78396563636","3405.84512782512","3970.52977027661","4731.51896901245","5377.9734924551","5829.06340796445","6292.66257183808","6732.01695155737","7193.65255149462","7711.97582411809","8312.10948016553","9207.51556034177","10015.6978964557","10375.7528857023","10810.1932593869","11668.969071329","12557.81300395","13876.2001429268","15202.4324331754","17064.5296585271","19404.7667786428","21554.2923085364","24855.9122394929","26975.1570193596","28998.5961153596","31403.4521525096","33137.3113082155","35455.8252886959","37944.9086260243","38731.0962499619","36109.7779640872","31224.8508667971","30825.3842248783","30826.7872379633","31098.877429513","33325.1524282108","36354.4646115927","44988.5866672111","47190.6248149693","50108.7589812002","51844.0819579822","55078.6292494096","55302.0475035751","62603.5457780274","68276.9705396448","73612.4943472117","78362.4451655828","79827.4440787788",
"Iran, Islamic Rep.","IRN","GNI per capita (current LCU)","NY.GNP.PCAP.CN","14440.8091919269","14768.2620894632","15162.3579820223","15411.7903538094","16287.6466203584","18133.1256305132","19309.2789070315","20794.3561581133","22898.3025408667","25049.631623718","27350.2255040076","33305.3030335184","40719.9400998752","57207.7810722812","94944.2403592515","104455.630069842","136841.061824424","156602.937112677","145871.207423313","167283.317566125","171093.912008859","193241.083341026","241083.30169161","297524.397014825","312845.076361906","318974.98331434","311351.982807971","364000.515606545","397396.382770469","479961.407869083","650402.080082608","898207.224078525","1175129.77744882","1728956.15170284","2260993.19503201","3156718.00163963","4280954.74882358","4964697.89455905","5475817.01256043","7275001.30233159","9473300.66607488","10971381.4173811","15092950.4302879","18329192.8232058","23263051.528469","28209350.7157087","33289892.5145355","43646699.5067521","51652632.5726588","53706196.2970396","65055222.5190847","88042891.6052208","100128768.007253","133095472.77473","151134697.784478","146611065.474411","179387161.110033","205716924.113939","260583211.81047","328382515.002844","498359990.256227","801763014.647997","1246675703.2922","1781486060.73828","2344473093.76663","2907887547.35139",
"Iraq","IRQ","GNI per capita (current LCU)","NY.GNP.PCAP.CN","99.0571980953715","105.154358165129","108.892266729612","106.566571699682","121.910125219968","128.85780844999","134.933831217626","131.512132599313","144.267204262491","145.139600904188","152.363516989329","168.146545841462","197.722796496776","210.363865937981","397.465672304413","476.1965844566","555.031769373534","646.099614014902","741.884774947455","1026.02547051657","1195.16697773218","781.493806287291","832.273422275854","810.677228715503","919.642449515644","911.790341781103","868.450545892177","1022.65298044936","1107.81243799463","1134.70312087701","3133.41416965366","2352.70472030764","6219.88219669638","16750.6709868839","82340.7195510861","321409.291140918","302237.067201592","671687.296601421","738374.885877492","1432536.43820008","2042952.24347668","1627917.71834411","1522005.91281607","1085624.78991357","1933041.41471266","2614502.94661713","3386237.99281336","3991193.56801501","5563656.29978151","4466819.26410582","5280292.37922336","6748748.10891458","7590607.20079494","7719266.27549258","7245204.65206363","5136003.87206569","5071023.03071459","5591629.93758121","6627100.33998231","6670670.96803419","5069434.97818492","6989825.08952442","9423929.06773505","7877279.0785891","7933274.31260339","7044507.35962692",
"Iceland","ISL","GNI per capita (current LCU)","NY.GNP.PCAP.CN","534.18310322718","593.53185507501","702.29542991306","824.251443883379","1035.18927823278","1224.63046151974","1446.89905426048","1442.56445996223","1524.05671541301","1864.58389876589","2331.38983486981","2948.26032495688","3637.62038085563","5034.46924173726","7219.13674193802","10071.7979749425","14004.0958291257","20155.6328524689","30892.0936160384","45166.6448156617","71980.6277291679","109932.960986947","169238.863311742","287514.088507528","373617.410107977","508666.386895619","673174.475373222","876021.557780655","1058474.03725756","1274645.57343707","1476131.40777326","1589224.1453955","1575020.0767949","1605577.60932295","1680568.07170281","1728520.79501099","1849283.79122105","1963928.4765867","2178462.08861984","2319502.77776776","2475823.68734553","2756769.18110104","2989472.1465761","3012689.92577395","3210518.56721242","3480349.40384317","3810893.99635265","4257001.72676094","4091284.56841853","4286650.82150964","4542430.06404835","4942839.49920693","5342574.11541675","6101577.07465932","6377410.76283042","7056176.41279869","7740000.41736352","7818302.27140361","8270545.27516082","8707945.62947391","8390937.14781574","8934102.86696016","10210443.3734814","11225090.2990435","11739877.259344","12601010.6930612",
"Israel","ISR","GNI per capita (current LCU)","NY.GNP.PCAP.CN","0.287543847790211","0.336049791278111","0.384163715043102","0.441395880803981","0.482849828736255","0.501594876710995","0.530505587200715","0.512798785539566","0.575972433151762","0.645754349080275","0.731002017484869","0.906484196806777","1.14993646759848","1.42556436851739","1.99170861711578","2.70853835021708","3.49646193037079","4.91862717962912","7.87750677506775","14.4741151611199","32.0832903558535","75.0596562184024","169.688662862813","429.553958587089","2017.58114931474","7480.77580911883","11694.3449639451","14945.0022888533","18210.6244934714","21478.7423638778","26120.3401287554","32139.6857951101","37390.441147765","42097.6856111006","49520.2598629376","56315.046528404","63513.8042867182","69285.373543523","75341.8564729526","79928.4364081633","84524.7462235649","86237.0265569188","88902.1331811263","87712.2737940416","90739.3536495814","95775.4615373516","101066.947701206","106621.332014874","107765.413337347","110739.118574329","116628.166614198","123156.280486235","126531.501674989","132296.335008375","137435.583699502","140627.985107576","144378.416452141","148262.344117613","153051.176993741","157732.065275017","153319.220844049","167447.916426574","184371.879466388","190283.378109453","199482.627521945","205336.725411941",
"Italy","ITA","GNI per capita (current LCU)","NY.GNP.PCAP.CN","271.620374107943","299.919165669507","334.547712887134","380.354129773012","413.186816837562","441.623407734437","475.230869611523","519.220472529904","559.558888438021","614.663720594143","687.512395058884","746.890537303954","813.807289981518","973.840361286795","1220.14184207732","1391.32386877358","1740.59758865406","2108.47265512892","2472.21258077822","3023.50823716339","3772.78093729613","4479.96102770405","5278.16367306841","6152.23240461781","7031.28988500181","7878.9412753374","8686.83174678563","9521.52263144521","10579.7075534483","11581.3043532195","12758.8523929446","13899.265856487","14588.9528806292","15048.7812804731","15891.3902405556","17214.1753589625","18248.6804804922","19161.2615927349","19944.8522305195","20648.9133862966","21776.5822789701","22897.5154018778","23638.1741166342","24262.7473589172","25159.9397587809","25812.3696998911","26815.2573171364","27621.8833377836","27504.1600673359","26579.9787203368","26988.1428279622","27539.5002045835","27094.2201945077","26835.1917565196","27119.5710620567","27424.6078817884","28436.635758633","29230.6362101209","30009.6492454117","30444.9150992295","28453.9130811933","31504.2015418317","34171.3149260831","36147.8467392022","37271.5762113304","38370.6972557515",
"Jamaica","JAM","GNI per capita (current LCU)","NY.GNP.PCAP.CN","295.800073333111","311.178112679373","313.243194188099","335.371294736677","358.693044327119","383.395357880886","407.764551556678","428.162052883144","465.926659086633","507.512423677732","596.157163576112","634.59695922947","732.005827468416","862.98368514684","1110.49944095804","1297.73390636167","1285.62905545523","1385.69545076756","1687.96544836923","1880.16435022454","2048.52728626836","2308.35961244226","2520.54228502434","2995.27073399701","3668.87032989161","4412.73686970021","5861.04394701844","6932.47236151571","8173.11404408859","9862.1596026277","12564.2637682536","18507.4040274584","30695.404258092","53403.7000044083","68178.4857507616","87243.0574793282","105415.383469673","112669.372819729","120600.304856219","128967.748682811","142666.076494367","153477.130494059","167103.502763795","192544.017235415","219671.247031968","244936.598319505","275405.694328848","309475.577492815","350780.440411134","367779.722396278","403720.148237191","433319.119222864","467605.192881335","502428.347942854","540062.885105283","606173.30173336","636801.994010495","698164.315439788","743016.848711232","783116.713875501","731740.074835582","826052.836117648","997581.302286886","1147027.72585681","1191441.9543001","1253733.01661378",
"Jordan","JOR","GNI per capita (current LCU)","NY.GNP.PCAP.CN","","","","","","197.555118969657","202.993991649411","180.855156181289","149.876863442286","173.986830493517","150.207997505691","150.442666147969","166.632158198483","178.112068315848","214.66064804897","236.696672818849","290.678523953657","345.913476063917","385.795080137935","461.279308708648","526.153462603382","635.221544284561","693.366261119515","710.662525267932","710.596537144855","696.55636765378","751.920985247881","725.811892110404","699.808333064519","690.711144852845","722.930400219995","692.488127527203","817.357298616927","843.977488604008","907.007269249876","951.075062456651","956.373475424813","988.739993876684","1067.33252857511","1074.36396557985","1126.77964969013","1178.10963441012","1218.4507803149","1274.9946532707","1408.50290399913","1519.93826442839","1711.02617228724","1836.6900646485","2646.14640681238","2767.52392584846","2917.83523819169","3072.92835272439","3225.31212407542","3334.62520187857","3239.87893140242","3121.32853640999","3078.22252571788","3144.6878542647","3205.58907376634","3236.56738997803","3124.06305693723","3238.15609221319","3345.75697103026","3462.19317710056","3527.56579400662","3738.23614118745",
"Japan","JPN","GNI per capita (current LCU)","NY.GNP.PCAP.CN","185414.154176365","221768.883920021","249238.204974009","282256.28178657","328289.232372763","361468.744997382","416105.930069373","482704.852610544","564987.312557239","655979.092478265","764674.515671692","823751.637558303","931318.285237153","1118247.64729042","1314106.94687823","1434725.04687514","1594236.27976059","1760214.22455915","1922374.90368366","2067910.05297265","2220692.83908499","2366439.28569365","2472533.56935348","2555914.9874693","2700934.01181683","2887775.40881518","3005408.63353419","3117142.9112633","3337798.68933251","3583968.35788054","3855095.86276908","4072165.15172147","4162513.3601527","4175595.18889841","4201402.00354695","4263064.26931905","4394867.880118","4452317.60235449","4350708.86075949","4269024.17259597","4345061.2174105","4307601.31813856","4237477.34316764","4217709.32836405","4264646.48836499","4298253.93471234","4339926.00935442","4383623.5654409","4275579.207109","3997019.84427593","4088471.14859061","4033482.7470215","4068040.17895619","4174778.92424183","4301705.74185235","4483467.17423962","4524183.16597941","4611908.92480232","4656119.73724677","4688324.52836149","4545128.74125819","4773685.51495047","4951028.60708343","5232006.32204609","5427119.87528555","5719985.82746788",
"Kazakhstan","KAZ","GNI per capita (current LCU)","NY.GNP.PCAP.CN","","","","","","","","","","","","","","","","","","","","","","","","","","","","","","","","","","1699.98030042802","24733.014583451","60199.2869983365","85367.0121156599","102790.659062805","109278.614724065","126198.964574892","157279.889779456","198388.220030753","231551.557447343","277635.124166687","347001.179956617","429128.785817389","561037.135844919","692815.146125283","835361.472374711","913131.609522736","1126129.32390399","1416561.64941267","1549890.86083259","1832558.99250318","1998620.03773514","2118323.29055319","2307227.08793483","2598427.97014658","2865386.09189104","3166906.66700854","3304751.83796458","3730623.92913412","4584485.92178232","5286452.73988318","6106493.39979568","7101821.14556927",
"Kenya","KEN","GNI per capita (current LCU)","NY.GNP.PCAP.CN","710.043017127192","688.827958241161","727.277370595235","744.184119302209","771.334708116701","743.407583444902","830.639415276025","843.531976923877","892.071546407806","934.917673664577","993.036858536673","1062.61817044231","1213.23464738007","1333.56549571087","1567.88012282712","1720.85757564701","1997.73768785702","2487.25391870256","2647.95999444494","2905.79775800085","3262.70222372826","3618.61164170217","3921.21821962173","4317.83455843747","4661.38187253017","5071.0102059352","5706.68990394061","6138.41657993832","6674.3576519795","7477.09487479991","8214.53261136074","9048.03120662944","10378.4146964662","12450.4662026657","14709.6520920922","16870.514369524","24688.7987040474","27051.6677278099","29180.4373343628","30093.1146237929","31261.7661388988","31899.412840375","31437.4579219099","33256.9701086315","36387.0143378122","39536.2013766492","50319.4124605653","56305.1674596844","63277.1971051323","70782.293926354","75907.3744054693","87156.3408233987","96661.6549288771","104328.823987468","115660.006733774","131760.350706242","155620.278544811","169153.363589721","183229.575446361","196747.945186698","203823.714937266","222852.496410786","244822.589707037","266742.264944672","281133.055897279","300726.56507341",
"Kyrgyz Republic","KGZ","GNI per capita (current LCU)","NY.GNP.PCAP.CN","","","","","","","","","","","","","","","","","","","","","","","","","","","","","","","","20.6983816325442","164.171501971032","1182.1920807691","2609.18262821676","3456.18855052589","4946.55909833944","6295.09268866654","6822.51353791087","9473.59279831387","12543.9666566089","14361.8567612652","14557.8145087346","16092.9399513177","17629.7487635446","18844.246432058","21437.4759144277","26576.119038377","33923.8811001651","35891.0778135027","37743.4361143716","46079.6674243098","53522.5354719222","57953.3998078637","65041.5679340207","68490.3418622008","73083.6004442186","80055.3624750583","85676.5770096859","90987.6630505457","92149.9032645933","106577.45712299","143077.607588004","185453.781654284","216270.873408376","266128.716840817",
"Cambodia","KHM","GNI per capita (current LCU)","NY.GNP.PCAP.CN","","","","","","","","","","","","","","","","1316.4607708637","1395.32011554703","1489.52682969598","1594.79043059851","1618.83464182575","1584.25990428226","1578.53796701482","1480.30151062314","1794.01394183283","3001.19110755183","2754.35603329901","7073.12145788857","14796.0447264931","28172.6465606207","33417.9775055337","79622.3873423811","170545.00160664","303431.193259085","774963.112970515","755300.494363017","826947.827074261","831217.667042857","866685.728834424","955043.490004663","1060730.95610853","1105277.80107999","1241291.80608831","1314369.15142237","1484720.47383765","1719118.39420521","2064328.83168956","2416350.07331168","2872509.81274794","3389249.41411305","3494350.80883615","3869952.13238289","4272725.62459824","4627304.54552115","5039182.68907717","5535754.81035895","6034736.379733","6530553.83753271","7110465.55555984","7920896.53379681","8634351.39675841","8249524.29885694","8523833.51561669","9167643.82708966","9763230.62468291","10619140.9476528","11325107.371881",
"Kiribati","KIR","GNI per capita (current LCU)","NY.GNP.PCAP.CN","","","","","","","","","","","","","","","","","","","608.787196072152","599.961327196859","469.902063428112","454.826840379269","576.944735388025","668.563805171563","545.498970275915","539.018432877072","553.400216549322","675.189951546517","737.597204923087","725.103664178143","770.389607808781","1173.77008393678","1597.05825530325","1580.21207239888","1650.35053298509","1721.36666912869","1666.69329363494","1995.50429605334","2305.4811632441","2137.05782430044","2276.72689108821","2352.67614988653","2381.15949882945","2289.37722325458","2138.86350627049","2147.70847146427","2080.31334673106","2279.41764313987","2417.14992995721","2294.21604816516","2386.30777156314","2340.46833624048","2621.30401481956","2921.81169732427","3450.52199850858","4246.5274151436","3929.77683620588","4275.21014342133","4430.89512139183","4780.61426231228","4350.62371628641","4634.96576489558","4487.17347064616","5432.20268093271","5961.74169137325","6133.45841564461",
"St. Kitts and Nevis","KNA","GNI per capita (current LCU)","NY.GNP.PCAP.CN","","","","","","","","","","","","","","","","","","2690.18847732829","3007.41934886734","3610.48007343202","4235.23920653442","5048.94842849782","5498.91846139377","5610.85652194454","6328.2121910099","7073.84056932703","8368.7346821087","9532.74644480991","11084.2141152404","12146.0817508219","14210.5263157895","14285.6434907577","15348.3973965369","16488.2886377964","18235.5898123324","19298.3036431508","20047.1115050027","22051.4414663351","21939.63361971","22866.7518665501","23341.3631541726","24993.3349358624","25963.4897870491","24888.1431912682","27282.64277232","29773.1657945173","35487.1803130838","38057.6349933627","42865.2994555354","42608.2061556825","43199.8868633395","46440.444908928","45971.5859077669","49328.8576345365","51232.3472573212","51275.2989147748","54500.0531067446","58050.1594048884","59323.7321307012","62781.9901175669","49577.1282270109","47993.0714453735","55997.1311738637","60028.0165960905","62532.2887090921","67463.4499808192",
"Korea, Rep.","KOR","GNI per capita (current LCU)","NY.GNP.PCAP.CN","10114.9934828257","11903.4344649177","14019.5217219609","19283.4303685674","26850.9090233384","29559.6459308334","37254.2458918157","45282.2929806173","56841.6510091898","72552.0130980382","89085.8041575671","106426.770742455","129155.277211086","164465.75065546","232374.558640822","301119.09548344","408259.497887821","517799.246095942","693555.998056219","876429.188541363","1050835.07601228","1289018.93766763","1472285.0469324","1724199.57773917","1962188.4456836","2165004.02492355","2512049.76290151","2973305.5048942","3549016.75888893","4010001.35739236","4817239.42058933","5767740.83636566","6539029.17809063","7358969.05841135","8603150.78736083","9992309.00429736","11115878.0003313","12133785.8769654","11878922.8903294","13011345.7035987","14282054.4309896","15367018.7842288","17007396.1580981","18065289.3688822","19576983.8930444","20513068.4909633","21526902.7239854","23247613.5000429","24529064.5701122","25420657.7920122","27877321.2604435","29180444.6266487","30274028.8900846","31341237.2546032","32436600.4075263","34224520.5116061","35913108.1823248","37804599.9885012","39053721.7191847","39741353.6938271","40037825.6609242","43371576.0922654","45514226.3199649","47248852.3545868","50119973.3763933","52416055.9814338",
"Kuwait","KWT","GNI per capita (current LCU)","NY.GNP.PCAP.CN","","","1194.8207119573","1169.06012242398","1145.59885017385","1133.97828748172","1191.07913166489","1168.62419179447","1153.09226483025","1120.81894504251","1052.13851200202","1289.82898612376","1197.80257988248","1290.94751312837","3401.56364063617","3458.34741501888","3631.67901207336","3622.58885568865","3716.50331003291","5418.14116334648","6014.82487164254","5747.53742833577","4780.38821519657","4328.07529689645","4344.27529593209","4145.68993824443","3777.81208809036","3794.13198479879","3653.05397883644","4336.43245359121","4474.78334467975","3454.0501361922","4504.38885086556","5014.67881788188","4999.5161506428","5691.60036229277","6345.97623690504","6215.13993252719","5256.46016758644","5644.48982384489","6970.50046835616","6076.82505187685","6119.49471206918","7236.52187019078","8956.80752044203","11703.9254502438","14077.9106985863","14396.0234252979","16032.0824192009","11622.3881088212","12062.3923853322","14384.7033369999","15665.0880747377","15208.9038167034","13840.1437473608","9986.03589342649","9219.67822449811","10182.5145638359","10963.7845826833","11007.7830798169","8866.82276325505","11931.0599158653","13979.1922378276","12515.7817689425","12148.4050740777","",
"Latin America & Caribbean (excluding high income)","LAC","GNI per capita (current LCU)","NY.GNP.PCAP.CN","","","","","","","","","","","","","","","","","","","","","","","","","","","","","","","","","","","","","","","","","","","","","","","","","","","","","","","","","","","","","","","","","","",
"Lao PDR","LAO","GNI per capita (current LCU)","NY.GNP.PCAP.CN","","","","","","","","","","","","","","","","","","","","","","","","","16905.6218753805","28476.0494226581","43881.5960891306","48109.8207959749","57653.5744847089","99332.5196958989","142070.125546301","162746.516236998","177119.012506673","202985.655231737","230078.888801095","286904.581401138","340734.991253901","416874.095474563","781288.385592499","1903750.9150342","2408430.46100944","2732831.14931824","3036128.82022795","3524971.94462214","4154970.73971924","4846627.0705473","5558328.07116984","6462202.48517396","7378240.56699587","7733187.50002003","8704268.21502467","10191529.0780958","11771532.943354","13433992.1679043","15229459.4066809","16472145.9882131","17907761.4773155","18996556.2562312","20456215.2708071","21173296.6164643","21983209.6323531","23102282.6361423","26572520.0466675","33890883.1939312","40117064.271021","44866349.1370176",
"Lebanon","LBN","GNI per capita (current LCU)","NY.GNP.PCAP.CN","","","","","","","","","","","","","","","","","","","","","","","","","","","","","","480166.299348847","669105.557003484","1212199.27305425","2781711.58526871","3697544.41773867","4287244.17199963","4998714.60271894","5487190.65000058","6021673.89534381","6307118.0554476","6236169.98846374","6121927.93820767","6019068.27887298","6174499.26111862","5583495.89151096","6668572.87261764","6873906.76161642","7035520.94720084","7958178.4207156","9044899.6415283","10623088.7146512","11343502.3630866","11740395.8602988","12614739.9776383","12247449.4394993","11286175.005475","11510583.97715","11999213.9173122","12925677.7592933","13550344.0025173","13505262.2651389","19853454.5992756","43662461.9936406","95065033.2605737","295156068.903175","396230060.238079","",
"Liberia","LBR","GNI per capita (current LCU)","NY.GNP.PCAP.CN","164.430173353389","155.356820188453","158.094097184804","160.840026266606","183.956480462683","188.767817366763","194.874292406351","203.429755564307","211.459243790948","227.235844866239","242.251968396565","249.299206756037","264.675662973935","272.365419540941","333.622987379194","381.64181677921","390.079619815266","433.737944495501","453.420155237435","497.211073453327","499.69066628379","476.986489785174","457.774559147766","456.834130870058","422.455626251546","424.166145289147","378.537782146154","388.92090875553","406.520648025433","410.505730267553","237.63569949997","244.508202837899","148.248145562208","102.312765007707","84.5289702724928","85.4271373000265","98.1603188476044","154.016408694776","170.774316099177","165.240048141464","263.85557680926","248.562615534312","246.608775674668","190.765826412423","231.46189353326","240.350377080989","277.014867993951","332.184053092762","409.94471870344","411.714017754883","448.053507239664","538.512045689616","578.463097664487","643.299966735559","633.756860043823","632.496907884246","655.524929725074","636.803724536882","603.826137181312","588.025130652548","560.831779935112","627.358293073082","683.407440575558","738.565775434364","788.571745702737","851.817034669492",
"Libya","LBY","GNI per capita (current LCU)","NY.GNP.PCAP.CN","90.5620333715143","95.6906850232596","128.340882635823","176.258690993027","217.370441543008","299.210278185048","373.895780727861","444.308124701362","583.602875591272","670.189726618719","683.138797909717","770.564459163403","894.213856935768","1050.56614940932","1815.88638526838","1660.91700900155","2033.72265260247","2117.87094716597","1989.16789472063","2652.59630205025","3464.56397307774","2925.1595900136","2584.81498107934","2522.97453751196","2207.85441854044","2340.57934001839","1857.06435401178","1896.69374795841","1634.11456136563","1727.41568483877","1832.61046031496","1966.78300765778","2046.34154908938","1963.04839696221","2057.53769620598","2230.16283586004","2534.03862498905","2795.87506631766","2521.85430244573","2764.69920303378","3426.37557890911","3524.90075669378","4783.33130613008","6105.81418151909","7494.56176232544","10460.6781117902","13191.6917312784","14244.2803364142","17153.4280715203","12085.8167027556","14690.2070057445","9306.78081719913","18500.5554001989","15115.308944477","11473.239263063","10563.1677791439","10621.0436894595","14155.758395078","15480.3837901725","14299.2415659658","9391.37726621303","21942.4190717116","28897.9284462967","30441.0594581543","33678.1906789885","35504.1951746796",
"St. Lucia","LCA","GNI per capita (current LCU)","NY.GNP.PCAP.CN","","","","","","","","","","","","","","","","","","","","","3629.67050884399","4082.80482973772","3774.65091358145","4014.66572566457","5073.69953646501","5622.59504177022","6637.20358277646","7214.84405563437","8063.02625925926","9059.50517903188","10212.279601326","10664.3843176605","11663.8863978195","11555.0422331381","11904.1490163822","12453.5780794559","12783.844957324","12852.2563561405","13776.0326357506","14341.5061709487","15115.6251576134","14248.538102935","14426.6064921647","15516.0311947771","16401.2567051675","17347.9794499849","19667.2555644237","20409.7783712252","21846.2087104877","21558.6145794701","22793.6274911355","24336.3525241413","24413.045014978","24335.3771435493","25482.1463437044","25585.8323089677","27021.2814410804","28804.9358632657","29874.9272668727","29862.659784646","22513.9971949509","27588.1964127671","32010.6163406626","33510.5000418328","35234.8339861136","36356.0719182455",
"Latin America & Caribbean","LCN","GNI per capita (current LCU)","NY.GNP.PCAP.CN","","","","","","","","","","","","","","","","","","","","","","","","","","","","","","","","","","","","","","","","","","","","","","","","","","","","","","","","","","","","","","","","","","",
"Least developed countries: UN classification","LDC","GNI per capita (current LCU)","NY.GNP.PCAP.CN","","","","","","","","","","","","","","","","","","","","","","","","","","","","","","","","","","","","","","","","","","","","","","","","","","","","","","","","","","","","","","","","","","",
"Low income","LIC","GNI per capita (current LCU)","NY.GNP.PCAP.CN","","","","","","","","","","","","","","","","","","","","","","","","","","","","","","","","","","","","","","","","","","","","","","","","","","","","","","","","","","","","","","","","","","",
"Liechtenstein","LIE","GNI per capita (current LCU)","NY.GNP.PCAP.CN","","","","","","","","","","","18319.3472090823","19731.1944444444","21192.3278510754","22653.8731621681","24222.6855997612","26215.6294556739","27828.2858092942","29334.551182391","30680.342016941","32154.4359726295","34520.9078080903","38477.6146145756","39683.736431156","40883.8122967557","43646.7852308618","47540.6503460079","50593.1235773552","55999.7931560039","59788.3927293545","63598.4567574249","67530.9790550414","71619.2132561882","76100.0202517974","80758.991658081","85951.2897932393","91714.6867689108","98028.7597074082","104979.300076844","111585.827965138","120089.382700723","125958.033389493","113936.253539796","109764.349735858","103820.534640101","103175.893401457","112007.596466492","125493.05020407","140269.979014236","139525.836551744","117794.191707235","124085.281217034","110836.638025997","97405.6796791881","128082.414016872","132184.278350515","132509.201472236","156392.512461555","175054.001369791","176870.783872823","161574.566294116","165712.963677026","155742.432749732","149517.636036766","174971.138884706","","",
"Sri Lanka","LKA","GNI per capita (current LCU)","NY.GNP.PCAP.CN","692.9251684204","676.5527045554","689.331543331985","700.499305437978","729.774709418977","733.995208375222","745.087057069752","787.094512786926","897.999401504147","967.549308473598","1037.34726880446","1019.6057811122","1096.24289719776","1285.05535140108","1614.49689242041","1743.23034110897","1863.0447561277","2224.72593257022","2728.48712464347","3586.58329363178","4527.89047179097","5598.89277822305","6558.56870937732","7861.49973805615","9672.21565277758","10402.2386808571","11361.0763183817","12306.8554442865","13772.014403474","15389.6742953851","19533.4548481947","22412.9933717964","25348.3362848734","29344.7906891129","33314.1677654598","37522.6285846764","42295.2939784813","48223.0576166416","53877.1691959826","57321.9540567771","63929.8568282658","70520.1480156336","78656.0389123321","90516.0563948984","103054.047508401","119839.246351153","142403.570761223","172727.887141397","208714.484750825","230265.84285789","314184.735833062","353139.03528613","417318.769110669","471814.62280787","507230.686399076","538495.326657129","589057.617049366","654195.823427959","690462.990309183","709516.213365133","694520.324832337","777073.072756815","1057035.48081692","1211847.3476426","1337426.08140172","1477394.55782313",
"Lower middle income","LMC","GNI per capita (current LCU)","NY.GNP.PCAP.CN","","","","","","","","","","","","","","","","","","","","","","","","","","","","","","","","","","","","","","","","","","","","","","","","","","","","","","","","","","","","","","","","","","",
"Low & middle income","LMY","GNI per capita (current LCU)","NY.GNP.PCAP.CN","","","","","","","","","","","","","","","","","","","","","","","","","","","","","","","","","","","","","","","","","","","","","","","","","","","","","","","","","","","","","","","","","","",
"Lesotho","LSO","GNI per capita (current LCU)","NY.GNP.PCAP.CN","","","","","","","58.1718393867577","57.9114249514761","58.6327463730283","60.6386073258598","62.0049780578903","66.461790151158","75.7726017605933","100.468174630991","138.687501066171","152.876669663155","198.60933567611","241.944173765685","291.130466230674","310.503312547716","384.708084699766","439.067475375828","506.240491248595","558.582598035861","621.844398873708","688.25692772438","805.97057386603","883.235958881994","1058.5631100773","1204.02019560266","1368.59665932842","1618.13074291446","1844.89444683479","2006.25062769713","2224.18650759685","2489.03259495438","2761.018962512","3063.27408167474","3298.27316547292","3644.89430590735","3915.16582805741","5139.10507168693","5935.9283373415","6306.44167251452","6793.0532704861","7109.27598311586","7810.07550912233","8456.80167800834","10050.8671825301","9809.14526501565","10531.3414996411","11135.2892166818","11676.7157043464","12757.1012747848","14189.4126164794","15999.2240371261","16575.076815767","16183.0893649373","18441.020460221","18467.1786748016","17975.8726803407","18385.7646243139","20228.5361159349","20784.8236138671","22770.6175133897","23856.1076449494",
"Late-demographic dividend","LTE","GNI per capita (current LCU)","NY.GNP.PCAP.CN","","","","","","","","","","","","","","","","","","","","","","","","","","","","","","","","","","","","","","","","","","","","","","","","","","","","","","","","","","","","","","","","","","",
"Lithuania","LTU","GNI per capita (current LCU)","NY.GNP.PCAP.CN","","","","","","","","","","","","","","","","","","","","","","","","","","","","","","","10.9094135429302","33.7291886962542","277.641776981596","948.539274835952","1393.24962837076","2149.59017409817","2683.66590191672","3232.85737022106","3602.7085104207","3537.30650427128","3755.24012326206","4037.24453428558","4369.84961373101","4761.48046988577","5296.313229644","6211.11244209229","7190.73283079132","8634.02215954351","9896.55969190468","8720.17973287941","8872.66900463051","9956.83981618928","10772.7910946932","11520.914478683","12250.795215802","12404.046361713","13018.6461383403","14340.854748","15807.6365635641","16974.7169157576","17406.156629254","19516.0797327997","22751.497277725","25093.584901718","26679.6911516135","28231.8358308713",
"Luxembourg","LUX","GNI per capita (current LCU)","NY.GNP.PCAP.CN","2060.42374461087","2046.39764454263","2132.73966591019","2253.51216591968","2537.43262195906","2562.22989297033","2666.01768718104","2678.49347232383","2925.94639609746","3376.98804506373","4017.24498851612","4070.07163696152","4598.10732833237","5481.08432015979","6691.91381495564","6571.49185123276","7723.64726070119","8076.51414940308","8822.20233310406","9580.91364067288","10571.4266099135","11676.5418577589","14327.7176663703","16151.8289380836","17671.8670593828","18833.4742273102","20095.4079624276","21002.4976399191","22801.0121836926","25526.6587112172","27645.7195233731","30399.9276485788","31516.8202970613","33689.6760802566","34417.3307687535","36324.1872132151","37657.4760094152","39967.3524853975","40014.3677890275","44031.541901388","46609.9197799679","48172.6198969481","47287.9766907604","47018.1985253415","55528.346740305","59287.3625735771","57900.261723056","66673.2285679166","64087.9627545278","50030.5353939367","56843.336561772","59275.5432171885","67309.6699099343","64823.5055948174","67625.4091627286","61169.3386984642","63992.1032827389","69813.3267151405","70862.899909532","69015.6951359756","70933.775790387","77292.7394760524","76021.8526021164","83567.6665216152","83251.5524097062","88768.6507416627",
"Latvia","LVA","GNI per capita (current LCU)","NY.GNP.PCAP.CN","","","","","","","","","","","","","","","","","","","","","","","","","","","","","","","35.8449994931288","82.710380571185","588.471931118979","878.456684566721","1242.48988684849","1594.34596242499","1861.60509713815","2173.82774366371","2445.06703059188","2526.0683828617","2825.47950412874","3140.68381846421","3527.7868800302","3975.69401496096","4595.39476881936","5789.4205777294","7151.601387874","9469.04343676502","10582.1371391094","9247.86509960223","8534.30637098908","9271.27278659267","10298.6276980159","10883.6899863712","11444.5054674985","11945.5607938602","12484.4710765859","13357.2211169737","14367.5111847711","15231.011034464","15384.3454888818","16810.5736830654","18865.4318997245","20518.1869820726","21178.981139517","23084.7543335596",
"Macao SAR, China","MAC","GNI per capita (current LCU)","NY.GNP.PCAP.CN","","","","","","","","","","","","","","","","","","","","","","","28111.9183192617","31805.1091719272","37657.1628071416","37798.1729375216","42126.242864381","52235.18592146","59232.8329113924","67860.6155029222","78146.7457829527","86241.7605573724","106550.024265301","117690.1546875","126295.463205645","135189.846078671","133205.255119248","133942.723699976","122902.434288421","114697.473093121","115517.882025081","126107.858953676","133585.082116788","145364.066726781","176893.776116121","191425.131995776","212459.811585488","278547.705893646","273312.927686333","287487.289719626","371229.981378026","460178.675400291","511491.459764043","577768.204088529","592954.801351134","498516.876652668","496800.91954023","553519.895126465","594988.313856427","582656.398809524","350140.939597315","357457.435897436","348609.478812934","525890.836770772","571780.349344978","",
"St. Martin (French part)","MAF","GNI per capita (current LCU)","NY.GNP.PCAP.CN","","","","","","","","","","","","","","","","","","","","","","","","","","","","","","","","","","","","","","","","","","","","","","","","","","","","","","","","","","","","","","","","","","",
"Morocco","MAR","GNI per capita (current LCU)","NY.GNP.PCAP.CN","893.0732421875","863.521057128906","985.6494140625","1078.6025390625","1110.62670898438","1112.19836425781","1051.70300292969","1086.68371582031","1132.81958007813","1234.193359375","1313.2431640625","1400.64367675781","1448.21704101563","1548.88903808594","1983.8310546875","2101.73950195313","2379.51904296875","2722.16235351563","2924.83447265625","3195.71118164063","4278.9755859375","4426.0107421875","4976.72705078125","5263.70556640625","5821.94775390625","6484.3818359375","7594.98046875","7628.11767578125","8595.849609375","8942.5751953125","9841.3369140625","10905.7724609375","11020.3134765625","11028.818359375","12149.5517578125","12131.6865234375","13579.5791015625","13249.9345703125","15750.2587890625","15773.5517578125","15646.732421875","16740.373046875","17346.32421875","18370.51953125","19196.34375","19804.98828125","21337.658203125","22501.310546875","24623.2578125","24816.35546875","25494.97265625","26297.740234375","26795.392578125","28050.931640625","28299.09765625","30245.048828125","30376.818359375","31457.732421875","32372.81640625","33229.5234375","30739.298828125","33560.49609375","34674.515625","38047.9765625","40678.8125","43091.04296875",
"Monaco","MCO","GNI per capita (current LCU)","NY.GNP.PCAP.CN","","","","","","","","","","","","","","","","","","","","","","","","","","","","","","","","","","","","","","","","","","","","","","","","","","","","","","","","","","","","","","","","","","",
"Moldova","MDA","GNI per capita (current LCU)","NY.GNP.PCAP.CN","","","","","","","","","","","","","","","","","","","","","","","","","","","","","","","4.34452226929473","8.74151368777347","64.7812369484378","615.814259974744","1591.60301947083","2171.44331572531","2738.0304571008","3135.58446989575","3161.19741335168","4326.00792596247","5748.96535264857","7019.46071720465","8519.91028325007","10621.9103898528","12573.7409544054","14794.2131925226","17364.2759531782","20321.3653137687","24085.5902034033","22278.832673173","32326.2818645073","36896.9843384432","40307.3764021139","45738.0453902316","50215.3491741068","54724.942647651","59894.6514787103","67614.1624041037","73162.2263273201","81473.3369266248","78361.4055473544","95072.7988076164","108997.357171048","125476.496501115","135535.205256949","149705.501017358",
"Madagascar","MDG","GNI per capita (current LCU)","NY.GNP.PCAP.CN","6286.41713831011","6362.31350637934","6552.29835721516","6560.68343412936","6758.26855075687","6838.37519307056","7439.65971458648","7694.92268050477","8076.4553453084","8421.55647217241","9230.82071455903","9625.65099518582","9543.57057660595","10080.7896847002","12200.2889452957","12573.2589979295","12998.1384712801","14089.2509097278","14210.9027115112","16804.0831781703","24200.7507468328","27357.5387560161","34321.3223859662","39955.7599437735","42786.8105441287","46654.4207928925","52824.1916195773","58810.5467358468","74508.9988119051","81817.6575314238","93459.515376995","91418.2728098867","103906.125911754","113468.282658368","151718.777259923","222907.526163996","266955.476613103","283091.235345859","303781.3476073","332670.789623778","375941.830840468","414348.017109672","406389.510990738","431372.669500318","501257.208374573","599753.342522409","678458.325614902","778252.767528129","867526.503070182","859751.849839052","923601.222448919","1006241.87102089","1048520.13367068","1098471.55897167","1191956.18032423","1262960.3681083","1392477.78828099","1491540.43413981","1620692.81169915","1750191.73008191","1657192.1336191","1818145.07019161","2014976.06918704","2226492.1192417","2422310.44418143","2651585.95062323",
"Maldives","MDV","GNI per capita (current LCU)","NY.GNP.PCAP.CN","","","","","","","","","","","648.823655442748","699.26595032865","731.534855842649","794.598612840121","963.354027256112","859.737716369326","1105.50157600407","1048.35167511354","1218.21825190991","1568.29158144176","1693.69372402706","1731.94616945473","1726.16076130165","1976.54969072395","3610.05878999772","4257.7917536507","4363.87640592074","5365.6886204056","6588.42497095573","7138.30842572266","8238.06070421157","9416.78674040776","11027.00980536","12390.1806569641","14486.1854223314","17382.2220230743","19224.4927519659","21137.9762202707","22093.8069029748","23683.7757559154","24804.610682259","36100.179937022","38378.8993059366","43893.2362196492","50660.4506109557","47304.6585016431","62582.578994491","62634.0006595188","75759.6787339739","76811.0863541741","80779.552207366","96898.3667581903","103831.591084179","112591.785437548","124282.098172947","136274.80112296","140647.413987566","149101.099965742","159795.15112059","162933.569324074","104360.124512565","140492.720195911","160488.490686998","171543.057525371","182397.203101938","201973.812104003",
"Middle East, North Africa, Afghanistan & Pakistan","MEA","GNI per capita (current LCU)","NY.GNP.PCAP.CN","","","","","","","","","","","","","","","","","","","","","","","","","","","","","","","","","","","","","","","","","","","","","","","","","","","","","","","","","","","","","","","","","","",
"Mexico","MEX","GNI per capita (current LCU)","NY.GNP.PCAP.CN","4.31119836109922","4.54450418972039","4.73249644766568","5.11152205994127","5.82864153970517","6.14791465800501","6.60071030775297","7.09988907774807","7.58877235466092","8.12089908284236","8.5844416701517","9.180862723777","10.2691426019627","12.223411151153","15.427316841064","18.2452629937066","22.0339355037517","28.8665816391997","35.4834596939754","45.3184956053696","67.9066451587001","90.2743685822475","138.0089676383","245.362059205872","397.626229263054","637.507647240036","1014.77603822764","2482.41028528341","4973.30869343226","6456.1233828393","8579.31827717813","10887.1421894429","12717.1105998969","18432.4731953742","20456.355397743","25916.3013700213","34374.9810254329","43007.9191495595","52003.2113650349","60866.7991162336","69695.1873891666","72992.6629609323","76145.4161112021","79312.4304229868","87798.3369965501","93124.5800551139","102126.653656762","108983.33313108","115552.100775499","112097.788654313","121577.936973556","130505.9326294","138523.963986847","139111.046926055","147817.971753401","154848.879255674","165365.506660127","178001.037138905","189057.895658258","194136.56723725","183857.092048967","203687.713463732","224256.610031464","239509.229187022","248903.523560689","258980.605836219",
"Marshall Islands","MHL","GNI per capita (current LCU)","NY.GNP.PCAP.CN","","","","","","","","","","","466.085663559698","487.267739450484","519.154801600533","589.716447662829","751.279411764706","797.00527643955","839.018578142926","904.439117035763","962.7580964282","1072.77624588069","1083.9510625853","1209.95795983384","1305.72530466808","1497.74123122002","1554.65980035297","1451.20010063293","1779.82889578985","1926.54418536299","2085.93783228185","2085.85761483045","2195.9971543167","2261.20742626404","2462.57006122273","2661.22778332236","2866.86787391013","3166.91045456429","2772.94515633009","2731.8155057959","2852.05865197015","2930.04661168878","2955.22028951209","3096.14459245349","3218.0068060282","3204.63215786518","3261.18437566373","3450.46815397064","3488.99830743191","3685.98058998751","3638.28560445897","3675.58007651051","3792.94443163477","4016.79927562756","4068.53497734301","4376.39352025414","4572.65643826813","4963.11475409836","5353.2876396487","5613.70328182424","5915.86618085459","6421.70563773945","6725.05034421393","6916.86368361254","7376.43536192829","8168.74082468385","8990.3004154682","10032.5230141668",
"Middle income","MIC","GNI per capita (current LCU)","NY.GNP.PCAP.CN","","","","","","","","","","","","","","","","","","","","","","","","","","","","","","","","","","","","","","","","","","","","","","","","","","","","","","","","","","","","","","","","","","",
"North Macedonia","MKD","GNI per capita (current LCU)","NY.GNP.PCAP.CN","","","","","","","","","","","","","","","","","","","","","","","","","","","","","","","254.773854006103","468.053895098916","5923.40062080478","30354.8583006038","76270.7950052844","88466.5565859775","91198.6615507766","96628.2114650485","100704.331656474","106954.692827773","120429.164211513","123122.311416583","126543.083582118","131227.894399881","138401.097964176","151130.694947964","167227.554459313","179268.68799904","207901.43130105","210168.930284228","221550.09484673","235316.957279816","236599.426682578","254847.406793307","270009.350647725","283065.968427603","299601.663840093","312660.400957098","335169.872385658","352147.935043187","346907.281948835","379635.237388643","426408.190807288","468969.676925905","501429.396352363","545721.159047487",
"Mali","MLI","GNI per capita (current LCU)","NY.GNP.PCAP.CN","","","","","","","","11285.9055041091","13910.1744556409","14189.5924764281","15594.9071229825","16999.5215542814","18884.0490946101","18965.4369203708","19137.6995626196","25692.5987467789","31972.2261911722","36374.9490867199","38500.0615935679","45620.8610645365","75333.8322673189","77671.7705012423","69132.0904545871","69553.3672547955","72723.4516515534","84138.4375553345","85584.6148737946","83670.6905425775","90562.780918255","100127.558353336","95885.1810818828","107682.590499854","101778.503214515","105517.388941182","146643.386079566","162994.520117836","181535.805279728","184299.202789275","207661.042799018","221842.341331464","214514.268860804","243357.611987685","248733.578362718","248939.042858252","253179.761660623","281259.913158235","297032.086593278","311431.88619964","332799.540526058","356357.105631361","381411.431949606","428937.997476357","431614.94654165","433219.515103855","457495.652694824","486102.481888098","505458.283703612","521880.556165845","539572.8359659","550135.565554203","529089.977468744","549265.800989163","588205.442030041","608704.116899203","644931.902723718","674707.216233256",
"Malta","MLT","GNI per capita (current LCU)","NY.GNP.PCAP.CN","","","","","","","","","","","865.925656699158","892.595969606871","938.084642089602","1046.40999338187","1224.34204426549","1552.6017184819","1862.37220954038","2165.00732970649","2437.48637896461","2774.92675734501","3425.06055677494","3844.00812585036","4046.91437198142","3849.43786230349","3932.82344151268","3927.23924958092","4050.91824237624","4320.47665355531","4691.33606852372","5166.31862272683","5723.79732896632","6042.68575904575","6398.96033382479","6743.71842244175","7176.47339759923","8266.99424247322","8585.10759268765","9051.70863473802","9414.1938347258","10094.1763980412","10276.6590529805","11028.0549986261","11554.4860835065","12007.4988333643","12277.5750869743","12180.0596284612","12781.5833884355","13840.3671777422","14851.4660009429","14221.2627613176","15581.7238750519","16199.2144483842","16944.8072509452","17697.3230385349","19101.8692860817","21414.1342127775","21245.8181978196","24851.256674074","25670.3915867436","26233.6376192669","23657.0920871404","28047.5041976262","30900.2703756075","33256.3197991124","35611.5175082228","38102.2971677016",
"Myanmar","MMR","GNI per capita (current LCU)","NY.GNP.PCAP.CN","281.681135743951","280.251579191017","287.386371088759","321.926388404495","285.625484600933","314.421581790776","302.498385843156","322.713695812977","359.700772561028","373.329220881221","377.541812574229","375.19033996172","378.319868593027","403.598284430016","652.743124261715","777.175929400845","888.736390525629","940.782252953074","991.289991679223","1076.72041786631","1152.40484790715","1255.37459140218","1345.00024942751","1399.75559981645","1475.48610077859","1514.21791378912","1560.12916510138","1795.43124563062","1963.00746782584","3166.26618464064","3782.44179737572","4583.00190418643","6073.58516566235","8671.59785515204","11232.2901315542","14181.0077976614","18348.4513772029","25611.2135593388","36375.1601192585","48900.8407973578","56335.9239807448","77437.2059301386","121590.244148438","165255.844849204","192753.086031223","258869.254570641","352533.368623945","484749.559681432","603893.520445098","696346.628584001","811168.664969606","936831.503040683","987664.770770958","1117691.92233527","1227738.26252129","1371752.35324763","1507312.57044666","1670833.59818832","1864711.78691056","2070572.78808895","1996961.59551356","2092055.21424257","2282567.39813337","2524649.75577734","2801273.92814812","3062394.5408995",
"Middle East, North Africa, Afghanistan & Pakistan (excluding high income)","MNA","GNI per capita (current LCU)","NY.GNP.PCAP.CN","","","","","","","","","","","","","","","","","","","","","","","","","","","","","","","","","","","","","","","","","","","","","","","","","","","","","","","","","","","","","","","","","","",
"Montenegro","MNE","GNI per capita (current LCU)","NY.GNP.PCAP.CN","","","","","","","","","","","","","","","","","","","","","","","","","","","","","","","","","","","","","","1281.03212363827","1323.30127603832","1348.37648782758","1850.70501694355","2238.87080602382","2355.43628695304","2610.06064347744","2862.99243665556","2987.33942086507","3581.18369171985","4413.78542723767","5098.86444861897","4831.43553066988","5002.66390928405","5261.99421289766","5186.66420991989","5453.27930072424","5600.24946131746","5915.37098315699","6350.32661552755","6934.37159534939","7432.26783815797","7904.26930545207","6721.17828244945","8040.19755124765","9722.84702633617","11444.9164353222","12226.0202878794","13213.3772152473",
"Mongolia","MNG","GNI per capita (current LCU)","NY.GNP.PCAP.CN","","","","","","","","","","","","","","","","","","","","","","3957.63817685559","4254.5978859213","4419.62984912733","4395.62648151438","4457.95456083068","4405.67798007575","4463.08839232747","4580.59250925434","4645.53737080339","5996.98305149354","10415.918640104","25364.2305758399","101470.950104613","170865.024493068","287391.082026747","323133.221804579","402945.116570307","407002.995642069","458515.027751459","510180.926550654","574779.269990996","631113.305855754","732102.090894357","936070.830868294","1174490.32769583","1549266.48045628","1861167.28481657","2403583.80963082","2344405.62157321","3275250.90249768","4338408.65989046","5422948.97498156","6240516.52097905","6891426.10626054","6934117.60885193","7109302.32390244","7648910.73502414","9204710.81628919","10298503.6945251","10191329.2830857","10992740.2171147","14181545.2968593","18015914.4042262","20317229.546855","22371830.5912785",
"Northern Mariana Islands","MNP","GNI per capita (current LCU)","NY.GNP.PCAP.CN","","","","","","","","","","","","","","","","","","","","","","","","","","","","","","","","","","","","","","","","","","","","","","","","","","","","","","","","","","","","","","","","","","",
"Mozambique","MOZ","GNI per capita (current LCU)","NY.GNP.PCAP.CN","","","","","","","","","","","","","","","","","","","","","","","","","","","","","","","","402.582621896647","492.188398476903","758.613795897174","1134.99097004607","1669.52881263968","2696.48491312404","3260.98991137572","3712.80893060301","4438.39980656918","4819.18999773465","6058.0810195251","6678.86030937944","7870.84100920589","8838.69453571625","9663.73429054318","10845.2732891338","12405.5657333471","13674.9678858406","14725.3630255257","16319.2849892616","17655.2345530827","19366.9720442803","20596.2367330388","21611.8189074771","23959.8290608271","27295.473902595","29087.251981466","30622.931340279","31889.7685948311","31475.9717419173","32679.4337891623","34143.0767916064","36249.9035148758","37342.1385645465","36508.6408198497",
"Mauritania","MRT","GNI per capita (current LCU)","NY.GNP.PCAP.CN","","928.936335262425","933.067337870923","929.385337068779","1206.08024005528","1332.80078300935","1350.78227636818","1389.92775065424","1438.03320450858","1362.684109926","1505.47784063735","1573.11798691367","1621.49510037617","1789.36026109825","2220.99159724171","2272.04981876257","2452.39965453694","2544.48633813179","2577.25204618611","2948.44602717277","3180.47194891872","3358.85983570191","3525.5124617596","3762.3221330565","3994.30844540069","4335.56295285784","4739.54281653238","5191.3208921284","5446.49015900454","6067.86940161257","5979.54540191549","8450.35830541095","8742.58350154564","9882.22163353459","10273.8792169122","11323.2612043943","12547.139116983","13154.7673750242","15676.4541343406","16614.6202656649","16394.5402632009","16354.844218967","18186.7725580623","19795.8986397796","22457.6138578795","27116.1591516196","34271.997471513","35827.0085051724","38787.5464184774","38075.2318806691","45236.7950716094","53043.0941892098","53580.8922767788","56579.7877952547","49868.4547074533","49007.3933442075","54168.3929431807","56986.5187859212","61153.6084339919","64045.1096624936","65928.4374510204","69130.4297432202","71971.08285543","77995.2371964151","82796.2852302767","86998.4944680827",
"Mauritius","MUS","GNI per capita (current LCU)","NY.GNP.PCAP.CN","1140.40699306661","1329.59485396404","1338.77458809822","1673.14486527994","1412.92250479032","1446.68266932271","1408.0075232859","1462.13679892131","1433.65258832208","1516.30312221121","1515.91047457627","1651.9007935846","1998.93783602663","2562.65267992493","4362.4971983117","4568.28518049327","5302.03875645748","5965.26703126509","6742.65157113184","8039.75407627004","8939.69860533581","10137.5221671008","11470.6559095475","12428.8254920929","13759.1937383239","15817.0543493172","18705.7482554747","23178.7909180934","27295.9422692211","31790.4279797576","37431.9615754055","42426.8210893367","47053.3200976356","53244.7010772991","57800.4477708506","63129.7915198533","70234.0030299931","77498.1192805961","86823.2095937595","93983.5736049766","104157.110659691","114181.880267862","122365.77371638","134866.262805245","149839.212434367","157729.123617753","181426.033795896","210878.245928221","231613.323784423","232870.167360227","247814.299424184","262982.232570321","293408.93491586","315890.436856148","334392.899505871","352821.608404289","373714.042446787","399889.476293139","424331.352418699","433537.522166534","390731.066165145","421658.109156036","503445.085752893","573562.423967703","613575.120466792","656645.555626131",
"Malawi","MWI","GNI per capita (current LCU)","NY.GNP.PCAP.CN","","","","","","","","","","","","","","","","","","","","","233.453905009457","247.466966850376","267.405497723149","296.559608883464","338.855437683507","371.418017276539","405.472328014489","458.548066759482","587.618398261128","695.940659225694","782.453970373729","913.186865764067","931.06258964533","1290.08828645285","1478.16938376337","3062.2867696993","4908.85490543678","6034.26337822209","7229.1665168765","10214.0415507009","13260.2334741553","15367.3255149763","32550.2080478501","37022.373020104","43671.5777557755","48700.7305044669","59568.161275871","66289.1722019693","77631.5226999881","87799.9301115021","101713.560139057","118248.870705853","136980.003821872","177496.535828647","220877.206910696","263163.440225964","322521.775326538","353620.982088686","377788.967902288","422636.82484666","438966.532208027","482649.388435067","556197.204241312","724935.41814009","893121.833463663","1162940.62732826",
"Malaysia","MYS","GNI per capita (current LCU)","NY.GNP.PCAP.CN","705.864874889347","689.942963653491","714.185818620429","873.385289276182","901.635017691755","969.037614029757","1006.38815219208","1014.71542475786","1035.85695878608","1099.66256172219","1143.9460164369","1208.0449731965","1296.451616982","1651.8494925894","1951.71712002583","1883.38231963733","2296.83210274775","2580.98543891833","2935.23192477189","3512.39188391511","3958.14243197236","4149.6497963349","4316.55258755315","4622.24764587926","5026.21822373033","4718.1210808262","4239.60809671367","4675.63001110112","5196.64539351851","5736.64552179824","6393.53483460681","6996.00664338226","7575.21859270282","8483.7163240017","9386.72116661754","10432.3045277712","11603.3568588946","12477.0189478301","12230.1780280775","12474.7660307215","14258.7349184616","13897.3273500759","14859.5515722305","16055.040109642","17802.9876502033","20112.7717910359","21935.4983772561","24125.6987592852","27091.527080156","24840.8360769994","27753.6717204936","30523.6886899438","31534.7513526271","32631.7476167191","34851.9098673556","36654.7135802562","38223.2582361228","41218.513839502","42620.36575832","44055.4927908582","41014.7193716719","43945.2328875818","50091.5332144149","50342.844070844","52483.2093764966","54300.0944081187",
"North America","NAC","GNI per capita (current LCU)","NY.GNP.PCAP.CN","","","","","","","","","","","","","","","","","","","","","","","","","","","","","","","","","","","","","","","","","","","","","","","","","","","","","","","","","","","","","","","","","","",
"Namibia","NAM","GNI per capita (current LCU)","NY.GNP.PCAP.CN","","","","","","","","","","","","","","","","","","","","","1653.99649900044","1887.81420654912","2118.83871057143","2376.31938360172","2544.51462444734","2709.55319129539","3173.32092042922","3842.04860222162","4218.95410086501","4918.67485629743","5369.73635491925","6064.97262100864","6762.79984835649","7092.22176487393","8414.16754053193","9280.39015834774","10492.7842303914","11372.4114762405","12487.8113628953","13074.938413662","15041.8576007329","16437.5235858201","18934.7240961497","20357.9399665391","22252.9996673673","23117.2664043503","26947.8002779273","29941.0160507282","33690.3844838637","35523.3237411873","37648.1587687238","40850.6452657449","46742.9473165246","51994.4421063099","57979.3995516706","61401.403445226","63384.2545525954","67200.271695229","67659.3717832468","66691.0520076635","63589.5007332996","62753.3936798091","68000.086307672","74388.4258166596","79916.3136154813","81963.8632971208",
"New Caledonia","NCL","GNI per capita (current LCU)","NY.GNP.PCAP.CN","116438.430749571","127821.981023012","106100.711088195","115048.278205565","162689.551224035","153780.092272352","153830.095428929","163926.282856766","190701.988821088","236988.421215271","331403.554628766","364007.900937877","387281.033260792","349986.0687821","424421.093631135","462986.140402438","488180.09281376","517507.061929889","474206.235531996","546850.121351227","606386.475660306","634570.557141065","706485.563035536","736508.32854848","802681.773922314","871537.919792304","928685.387543125","981750.644008452","1332316.57820085","1473443.40907638","1419203.64725484","1502085.67684481","1512462.83696634","1522605.89498944","1568129.06131463","1643365.75539353","1636226.1639533","1666634.80148883","1582745.82217924","1565801.98144852","1556280.24724561","2078218.55366765","2179710.86394874","2342025.7349648","2512729.32298673","2638097.97938465","2841827.68888332","3201789.21926413","3048360.56377425","3055567.85228377","3361644.3792004","3456607.63929272","3403049.07724761","3400758.86309614","3559842.2965323","3506810.05622104","3511222.34257629","3620390.5891813","3661290.60700216","3696582.58287906","3625816.39547323","3694737.98621386","3918059.50759779","3828388.58798772","3326400.44047444","",
"Niger","NER","GNI per capita (current LCU)","NY.GNP.PCAP.CN","31532.1825366257","33131.5581728315","35181.9220787612","37410.1732458165","36131.2080550554","40625.284644893","41324.2503020014","37873.6071612829","35991.7130090423","35812.4047528297","38540.5999430141","39910.3190071657","38110.7593206309","41886.5366975892","47445.8397593176","41889.2593951611","46379.4626934277","56437.1949223057","68074.115569749","73291.3877226576","85242.2481136237","90326.5438375098","98182.4416542858","100106.658931373","88961.8801583972","88248.7569848353","89061.7318248793","86309.6193039419","85401.7900886711","87245.6989986036","116197.531724068","109224.026337034","102398.898207716","95700.3467611435","115034.729489231","119267.072958452","125180.461394553","131750.910388889","150555.974544504","146131.012454249","144172.930519921","157408.175411955","164193.949548244","161103.578515063","158673.553999914","178517.227136696","184962.41633278","196169.495677068","223365.507021748","228783.042127991","247674.276424896","255903.124890292","278984.353035014","283390.955463146","291680.241470752","301304.426019151","305868.145094839","318833.367460607","334688.510816331","332189.596826391","326173.478751773","332676.031563277","377219.028322291","388451.71384215","434719.62434812","444621.955608063",
"Nigeria","NGA","GNI per capita (current LCU)","NY.GNP.PCAP.CN","","","","","","","","","","","","","","","","","","","","","","","","","","","","","","","","","","","","","","","","","","","","","","","","","242206.950292222","254959.33553165","310151.040189618","347972.655706661","390915.021888827","425311.820336282","468694.539298299","486304.183835647","516712.701420409","561022.034638719","613074.639938649","965596.973112825","990368.283104548","1097676.60429687","1209146.90680785","1347072.2886309","1566415.78604453","1800770.85720524",
"Nicaragua","NIC","GNI per capita (current LCU)","NY.GNP.PCAP.CN","2.57013596335217E-07","2.67605740038803E-07","2.86141991523632E-07","3.0733232536424E-07","3.46466591830765E-07","3.68200422834001E-07","3.76711800946759E-07","3.93567735779507E-07","3.982096991611E-07","4.16096432163543E-07","4.13203917600229E-07","4.27710730151111E-07","4.40313075647989E-07","5.26558560747494E-07","7.14937203737086E-07","7.31502886213885E-07","8.21329990209553E-07","9.81041445744643E-07","8.85292872901918E-07","8.3454547222727E-07","1.20426650621095E-06","1.35691051471243E-06","1.54227193638958E-06","1.74513541028734E-06","2.34306600987427E-06","5.83549512596726E-06","2.24478692805279E-05","0.000138134484253344","0.0140207789171316","0.594790181965909","36.7816047772536","1319.33237503571","1488.85960285755","1820.38254659239","5005.86329901023","6114.18500511853","7104.79123141057","8103.82164903204","9642.3678986333","11106.5038722104","12394.1293540659","13430.645256077","13885.8687600111","14852.6743905109","16928.643698207","19330.7326606272","21231.3521214352","24256.4309964104","28755.2010699006","28941.1385742074","31693.0686977664","36630.8541031862","40364.6133631528","43170.0563600829","48920.5511356481","54375.6742305815","58098.6306501905","62203.5202164075","61000.578961513","62490.326061357","62385.6812221041","71261.1123894822","76983.2509292559","90785.7241757409","99052.4440222436","109918.114537391",
"Netherlands","NLD","GNI per capita (current LCU)","NY.GNP.PCAP.CN","1965.98517399276","2037.40949271333","2179.56289288019","2320.94702024331","2695.87768444025","3041.54912462567","3266.15655484649","3545.29193100243","3886.0457279964","4351.69891498545","4804.63688916983","5356.46739697618","5951.91450440418","6814.9284614209","7672.28788127565","8317.85295765104","9462.48009933471","10187.1468228809","10872.4832696156","11564.8631205982","12297.4937454946","12791.7749919844","13155.2042977246","13633.5072495645","14365.6804521232","14603.0062728615","14975.5435629213","15184.8478800292","15673.7037718052","16523.9253636648","17114.0738962152","18012.6571703217","18561.8033944044","19099.7246109446","20084.4354598287","21202.9156337736","22211.0070134261","23577.6857465897","24663.706964108","26402.6484041829","28169.1396691585","29342.8093166099","30249.4982794215","31344.9943797656","32188.3130829868","33422.3904261971","35683.8612461773","37540.8016361676","37661.5181951785","36763.141917782","38506.2189918578","39257.6585954151","38941.1208452756","39392.7625759681","39890.4050327163","40662.4634598398","41047.9806772794","43070.004744533","45461.5885304833","46825.2464676307","45465.1836137947","51665.529385542","55504.2087495485","58843.7721809395","61776.1928831463","63830.5741829238",
"Norway","NOR","GNI per capita (current LCU)","NY.GNP.PCAP.CN","10470.5363143873","11333.5594769793","12105.621231366","12877.8722265724","14049.6305293044","15381.5046755881","16462.3222627586","17857.8722533973","18925.9276727335","20490.5599620761","23415.3352514073","26190.6996061274","28839.3258689795","32535.3437802037","37334.966770031","42416.4199302625","47932.7953837808","53394.595129359","58287.0001042213","63796.0001149166","75590.0000489522","86389.9895650952","95185.9999071641","105791.99996512","119160.000038646","133110.999933534","137474.000048952","149516.982114474","153972.963457789","163205.000069791","171811.0000936","179524.000101367","185710.978277581","193886.999996058","203446.976476803","218262.024956964","237986.027093106","256358.970860743","259603.999942231","281391.00000381","331435.96312331","347255.999943284","345603.000027104","357802.960882657","390151.999930312","436679.000088898","477732.948668187","499680.946870913","547503.94256799","508117.947466889","538623.000000818","572715.942256629","599420.940374883","614821.655465376","634799.341941341","628198.721352378","621180.609144794","652676.999936327","700535.934114922","693143.999995512","670085.937754149","813313.924841725","1075521.99994613","957519.393159035","996080.239341928","1018585.35307359",
"Nepal","NPL","GNI per capita (current LCU)","NY.GNP.PCAP.CN","382.56921559381","392.793598927585","415.735374460276","430.203009967177","458.872667816026","501.36882103415","605.589957146776","550.51544206518","602.455900111756","656.281439456578","705.03908351352","703.2224628977","798.284807899301","750.946962235482","943.955548300154","1194.6769646366","1231.34664287429","1196.87494633315","1335.57323785967","1468.96862465513","1511.02943110074","1722.60212531723","1911.15621824953","2033.84007268448","2342.07400749723","2665.6176913977","3118.61508236679","3498.1831680822","4122.28472313542","4692.90181708735","5315.21775149705","6198.61752302049","7438.60162592316","8312.21333135412","9202.77164766684","9864.81318709871","10964.0270440477","12099.8548071504","12722.2009364132","14211.339769674","15516.234915523","17766.6443738478","18115.1385442628","19135.0239665148","20566.2480220363","22465.2290442471","24808.1858280076","27446.8230611861","30515.1489788621","36801.9619449944","43957.7613185774","57047.1519992322","64306.3753020483","71126.2755710439","81860.6062111774","88337.9009546167","94514.2226517308","110960.385702777","123881.858716455","137215.357338535","135834.401824669","148459.178402314","168444.347937512","182878.372838226","197439.958836712","211976.06626293",
"Naoero","NRU","GNI per capita (current LCU)","NY.GNP.PCAP.CN","","","","","","","","","","","2798.22235469449","3004.12451937297","3268.626247798","3609.31226332654","4221.94828831431","5030.80105910978","5414.737400906","5891.2120619852","6070.78144697177","6268.11288162828","6592.64818930579","6797.01734915168","7133.61940298507","7539.30294547225","7471.73952488958","7581.22956379371","7816.75074353695","8110.69684775319","8243.43895253682","8411.26091586794","8982.39731864477","8132.5076142132","7940.69454146293","7341.65511779846","6782.17421327809","6338.19970486965","5802.64165766474","5597.70520741395","5133.90860953128","5123.44164130755","5043.37136113297","4986.4461994077","4763.90597103749","5046.20737647878","5161.10337972167","4723.05702059906","4607.07594179789","3619.24151696607","4715.80577480268","7078.38458466454","6482.53509907398","8118.38978015449","11491.9548066621","10988.3236664448","12349.2459504748","12789.8484571846","16457.399103139","17891.2045213705","19752.5485754117","21351.5146284629","24005.840419136","27184.2172687676","32502.1269383951","32328.4210526316","32853.4360090399","32182.9521829522",
"New Zealand","NZL","GNI per capita (current LCU)","NY.GNP.PCAP.CN","1205.99348744543","1205.42103134297","1270.89716871765","1352.07668781331","1445.93576680976","1540.64445398134","1565.59574709444","1593.70343722623","1677.23936740227","1846.75645094387","2037.13843526524","2372.94076410796","2666.06976824271","3059.12943639618","3297.61550418362","3611.3003146184","4348.17553447999","4865.71373629896","5494.04075355632","6486.65165648118","7539.59330527804","9132.45223847163","10186.9395773264","11081.7991435627","12246.9089894952","13972.4677404453","16936.8203801251","18837.9550451991","20402.0222939636","21479.7526673133","21909.1236710914","20272.9535635604","20745.533312569","21970.7743127484","23329.8342541436","24551.913758371","25072.8831725616","26057.9694813953","26719.2660550459","27757.8159630779","29299.8418746922","31491.0449684319","32511.3334177536","34176.5991259436","35682.4464831804","36868.3325673093","38343.9277350284","41043.1365121455","41339.2647542138","43417.2360898062","44532.6039487899","46437.2718978102","47369.3881717747","50350.5098939691","51598.1401527732","53568.5772551742","55705.6490104156","58093.942163869","60146.1045586255","63415.4879987123","63573.8506426938","68632.7341383786","74942.8340909538","77926.9230769231","79451.0396975425","78957.0080162755",
"OECD members","OED","GNI per capita (current LCU)","NY.GNP.PCAP.CN","","","","","","","","","","","","","","","","","","","","","","","","","","","","","","","","","","","","","","","","","","","","","","","","","","","","","","","","","","","","","","","","","","",
"Oman","OMN","GNI per capita (current LCU)","NY.GNP.PCAP.CN","29.7840655249442","30.1933485720213","36.5493752966227","38.15793462155","38.5974288174342","38.6168998489498","40.4138916907703","57.3927391663052","94.6249829038896","118.867734461569","133.699523148428","154.30490119935","159.579099420063","147.952172761547","626.516088611865","798.855641036176","994.352529332847","1042.54121878047","1007.88189322718","1304.37164687983","1974.93538064496","2293.44011273787","2287.42097455618","2265.50400817972","2382.35319575929","2522.40690165072","1960.14069430226","1978.01986147864","1953.64630283375","2092.43611250975","2834.81655417318","2645.0781620904","2735.01381151334","2633.03785227596","2640.32780711623","2778.89535059193","3015.48156960415","3072.01289986854","2688.87720029211","2931.18807728142","3609.25818894708","3537.33004302193","3635.93965273796","3935.23806622907","4475.05240514783","5390.43386418907","6408.11676498482","7105.55005225327","9814.81643644521","7523.52533412996","8563.35899234291","9167.68694891352","8986.67815396551","8695.13731793079","8493.4848975837","7025.27640478435","6397.91809244486","6604.14056873149","7234.89284293599","6880.66180799483","6008.9646715078","6950.02086470075","8170.65465793812","7640.6099972095","7350.75523455478","",
"Other small states","OSS","GNI per capita (current LCU)","NY.GNP.PCAP.CN","","","","","","","","","","","","","","","","","","","","","","","","","","","","","","","","","","","","","","","","","","","","","","","","","","","","","","","","","","","","","","","","","","",
"Pakistan","PAK","GNI per capita (current LCU)","NY.GNP.PCAP.CN","390.029997477538","417.443924980985","425.698658621391","444.792479807383","486.614136508152","538.527759863671","579.354903876432","639.464880265367","668.568484910723","701.183699837596","786.205101328527","816.359279593313","847.561802698996","1018.30937049318","1296.04285140001","1587.0668765681","1800.27873260544","2002.08268910591","2287.32203736155","2438.09275142578","2811.79981300509","3212.05357962955","3600.41405345377","3892.70883845312","4348.31532340861","4728.20549747461","4961.77275402649","5331.37753012756","6077.27395381469","6700.47948047293","7189.83653371923","8282.95153441344","9549.09256932237","10254.3046728574","11661.0773773257","13456.3209080769","14826.4324766573","16440.3804248489","17587.4925782657","18955.335113995","32558.19753749","34721.1101642059","36069.2380009333","38609.9882862959","43696.6296889413","48318.3173050146","53034.7871656418","59341.16160175","65444.9862322047","73875.972859975","81468.1757371586","95574.2092005556","106202.317115432","116958.763629309","128558.10172548","137876.905817075","146122.928429781","156880.321081051","170059.880380062","186449.604856175","198622.173512277","230214.641063954","269694.542936971","332189.913573489","408512.085393813","435956.919030797",
"Panama","PAN","GNI per capita (current LCU)","NY.GNP.PCAP.CN","423.594566631587","461.992981972118","490.240115251305","528.560031295551","554.290843382032","581.86631622779","616.183249925096","662.442929279836","691.584088112396","739.623736985735","796.600223386889","873.944929601994","933.954253330108","1037.61396613717","1148.39809328134","1273.92363955209","1296.20053631675","1525.33423586487","1774.44091579592","1957.54632884693","2154.43839034213","2347.62484671361","2653.3376440051","2778.89640027681","2732.9999507156","2903.34569940229","2834.87910452733","3042.72657767043","2471.42331336321","2351.28661879841","2516.13038533008","2648.15539825337","2983.3406081826","3249.20219081572","3424.92311426737","3342.89710217111","3218.55132692402","3405.10855061965","3629.08424369211","3716.21486661459","3789.0029428286","3799.53273083204","4003.57113184105","4011.13797794036","4330.70813295583","4665.52532337507","5143.28831439421","5952.92896852064","6917.07021100093","7390.68452558803","7694.48537770753","9144.08896156902","10336.3909507626","11513.2833019068","12094.4972651018","13211.2231583812","13805.5399661362","14764.3848657638","14874.6871265648","15457.8736901143","12881.8376378824","14591.1081810528","16697.3002957497","17806.6055909425","18134.0147547162","18829.8566086184",
"Peru","PER","GNI per capita (current LCU)","NY.GNP.PCAP.CN","6.53006672110541E-06","7.04710534396589E-06","7.82314692220731E-06","8.34675931254081E-06","9.79751884891623E-06","1.13388540640596E-05","1.2988244348519E-05","1.44016575024737E-05","1.65059102062927E-05","1.79668903869872E-05","2.05066001611556E-05","2.24112508553398E-05","2.41865081233854E-05","2.8116605194301E-05","3.46640772264891E-05","4.30386274586527E-05","5.47017533839089E-05","7.42161742357419E-05","0.000113345545314412","0.000199891834266523","0.000288057819016691","0.000491901314144405","0.000797607580751227","0.00141877588406731","0.00298410448848369","0.00796610441544683","0.014130890024925","0.028401842551277","0.166156620953362","3.90516036320574","233.185190702188","1157.93749047925","1901.63093547816","2859.02393901917","3968.62060089794","4732.5449232469","5303.86077706691","5966.32367058718","6210.52202581426","6374.19657469359","6637.05826880642","6658.70381690424","6907.54374681204","7173.67024298698","7770.26064377702","8368.81247335521","9420.28801153037","10339.4592610577","11435.5141594039","11811.1649067435","13276.859923663","14951.1914481823","16112.4907894542","17289.9389793097","18071.2958030771","19165.0031519227","20112.7798965441","20952.7088853416","21804.2846129036","22633.0901468053","20865.4887289733","24450.5032319756","26287.2437994687","28068.3611115732","30149.0029413889","32203.805937068",
"Philippines","PHL","GNI per capita (current LCU)","NY.GNP.PCAP.CN","536.117016386515","569.591583760298","619.571850132501","699.687230737248","733.004090695228","777.195162186322","831.458119823888","867.466588420083","934.008438187164","1009.8885200238","1165.89833229866","1381.52529476688","1514.31588695451","1894.37383894379","2564.03327013783","2882.16085672204","3294.22527020366","3694.42626258109","4141.64354949342","4885.35575487336","5692.40390423393","6403.5048332418","6933.9910042087","7856.38939070732","10646.901217118","11338.5325662218","11756.0604475831","12933.3272403956","14809.6322275084","16684.9218137653","19247.4921098141","22012.930276791","23609.3731293929","25284.5240413234","28709.8599853771","31702.5862155727","35563.5809158252","39390.8013510162","45803.0937199107","48813.1987011168","50814.9050434248","54172.9974198997","57365.9510553945","60919.3174265611","67371.3447431795","73791.1054644838","79912.7542244753","86134.6764108651","94977.5069335898","99162.6607755001","108515.273160788","114399.142917171","122596.189849272","131937.197455833","141941.075595904","147538.400019059","157519.28665136","170026.186701252","184646.196708917","193782.968115165","172303.55744382","177726.200265338","204648.712577087","234814.791611707","257956.442293845","275705.727429832",
"Palau","PLW","GNI per capita (current LCU)","NY.GNP.PCAP.CN","","","","","","","","","","","1140.96296622097","1212.13742665193","1283.84639986879","1370.14420012747","1489.67841097186","1641.67981035164","1813.23448166376","1997.87568862275","2211.87692926045","2455.30874604847","2717.50297449271","2960.00636994033","3183.61233653695","3420.65385206828","3769.13623753468","4181.90780245471","4647.90088419852","5178.1892702665","5771.23100034141","6439.85038474406","7182.38927845861","7654.85461765083","7350.20951904434","6609.10090398241","7098.59868813357","7894.74847339343","8739.14693553869","8905.42301745085","9031.07860073418","8569.20268768848","7237.98980776541","7678.07334925134","7675.59004336061","7437.21133924416","8037.04847052891","8927.3510132267","9289.67439044715","9599.40659129028","9974.76775848519","9743.82623677278","9903.06375938595","10625.8319057528","11654.2147717206","12521.9026688328","13342.476514299","15198.693061103","16159.1091054192","15950.6040899079","15761.1541011404","15730.7848421854","14893.6972922558","13770.6439008543","14119.3840920009","15656.6663995884","17955.2904752595","19894.6951254034",
"Papua New Guinea","PNG","GNI per capita (current LCU)","NY.GNP.PCAP.CN","102.049611299628","105.614265390174","110.462821150197","114.132314922741","123.33634172255","136.191643334437","151.896031716171","167.997657358274","179.813978817995","198.575519416803","223.017981919104","234.801772585246","259.013738989633","318.475642684294","344.102146605969","348.512480371747","402.526337812838","432.536925314769","453.272182371557","519.863979909635","532.650042535363","507.504021715229","508.870073164433","606.905439201016","652.208799605779","671.297229957665","703.332092754768","749.832803080376","821.147235363212","772.033662111263","759.223514756007","867.190788686861","921.197763505355","1028.22059991594","1143.47106205783","1257.27811728755","1285.40072103464","1326.27918497687","1404.53074583994","1514.93092690248","1649.16560473204","1667.91470968947","1819.34939938417","1816.1546290764","1811.92244171616","2148.84162178","3411.36309746107","3758.0641631285","4144.98528609626","4004.07801969044","4695.9946148063","4909.21843878613","5207.60533769562","5282.75973665428","6586.7733465862","6429.11431292223","6927.0741391327","7525.90189649661","7985.94332670571","8113.23649366584","8144.05309591344","8593.62291588767","10275.1090871865","9856.54862524044","10527.8868902025","11553.1158141962",
"Poland","POL","GNI per capita (current LCU)","NY.GNP.PCAP.CN","","","","","","","","","","","","","","","","","","","","","","","","","","","","","","","1560.24509809324","2285.79126816622","3203.88296040626","4371.02622192094","6366.4500278808","8936.26163680589","11200.3898057107","13528.1073158211","15704.1990088787","17433.5818804788","19560.1102172271","20438.0999452103","21143.4293432309","21998.3630230624","23779.4961225672","25513.2358603443","27416.6560853891","30134.971784255","33141.7926656883","34943.5382833062","36638.2132710862","39630.4257216047","40997.5902160945","41481.88405759","43268.2959617602","45845.8672011455","47223.5157111966","50344.6414738016","54160.1985529859","58431.5618334816","60653.4354586239","68806.2663880665","80900.5840542773","89309.4685789951","96583.4266818453","102994.162811193",
"Pre-demographic dividend","PRE","GNI per capita (current LCU)","NY.GNP.PCAP.CN","","","","","","","","","","","","","","","","","","","","","","","","","","","","","","","","","","","","","","","","","","","","","","","","","","","","","","","","","","","","","","","","","","",
"Puerto Rico (US)","PRI","GNI per capita (current LCU)","NY.GNP.PCAP.CN","710.941475826972","764.213521399562","835.563652450576","906.796884046108","974.09385661921","1065.49730146492","1150.24980999964","1249.96503726461","1383.70076752475","1552.40951511652","1724.61368653422","1900.08652554676","2047.34677998734","2189.46458680847","2317.42330399187","2396.32598530394","2480.34235544806","2648.92235866986","2874.8768542168","3168.15694513536","3451.2164691204","3766.07684317784","3872.97697327772","3940.79014526124","4241.08678035638","4442.46372519988","4708.62171415968","5026.51190493485","5377.67660420657","5719.7381370074","6112.27565733673","6403.2143869785","6609.56142738878","6951.44733905187","7300.40581085854","7725.10190456254","8150.27190437772","8603.08770212506","9285.84028831814","10073.785269314","10869.2976574586","11534.2253822824","11787.3494815625","12409.3625484992","13542.7669761095","14356.6299921337","15203.9594619383","16030.3438413215","16672.5163831947","17008.2691469652","17262.7746535408","17793.7838300306","18597.3403768596","18985.6219056586","19190.2855690782","19688.4616766337","20108.1934656387","20244.1512156693","20543.1383691566","21426.4973623024","21438.7777148341","22483.3735910193","24421.8899255562","25564.3556610949","26678.265976618","27496.3070300345",
"Korea, Dem. People's Rep.","PRK","GNI per capita (current LCU)","NY.GNP.PCAP.CN","","","","","","","","","","","","","","","","","","","","","","","","","","","","","","","","","","","","","","","","","","","","","","","","","","","","","","","","","","","","","","","","","","",
"Portugal","PRT","GNI per capita (current LCU)","NY.GNP.PCAP.CN","53.7529380791321","56.9942273543755","60.6678275599727","64.4178571557051","70.3340396518917","78.9298271696751","86.7417062122167","97.7963862177593","108.676976358339","120.526238783925","135.140179099402","151.531463868254","176.796868753932","216.214917005479","256.899729449252","272.057201486341","326.171544740648","429.73388996555","530.821855465174","660.879191286027","823.786194829737","960.500182614343","1157.31214936261","1438.45543196257","1735.18941937322","2182.85911477229","2793.92456732133","3308.51908633184","3988.19425107364","4722.16381809095","5603.56870900746","6467.42441317901","7325.9089631202","7702.55246658822","8285.1001223537","8948.68502208619","9430.26149288376","10109.0779017501","10927.7939126371","11667.1866075647","12277.3876864474","12877.5548547959","13474.1702465279","13825.9517970525","14339.7027106712","14894.9669295357","15351.9958777026","16166.4279608657","16392.6963906743","16029.9813204593","16466.273562153","16404.4516914893","15668.9391682844","16086.18337725","16309.1119926023","16870.436073263","17640.3155038637","18556.9399920391","19459.3814439807","20357.3047860044","19242.5943818447","20685.7657686175","22957.8331415945","24897.5382707828","26592.8272194374","27908.8969225084",
"Paraguay","PRY","GNI per capita (current LCU)","NY.GNP.PCAP.CN","18242.4312051835","20503.4218758593","22874.5396081353","23707.2705596543","24523.0079189858","25983.2285320235","26670.2431777603","27368.9145930437","28080.5160364723","29323.7451661505","30818.2095762696","33730.008417068","37937.9891682844","48094.9841287071","63147.5088712347","70101.0121189695","76795.3403355618","92383.9886858467","110025.061876977","143844.468622393","190461.291635921","234688.961577369","230751.747565626","249438.42879953","312575.508372264","392888.662681009","501357.53657454","652140.610460232","865470.321569221","1195462.72527103","1637964.79584325","1963889.63742084","2255461.30661087","2767795.5665946","3001747.81099593","3500191.92952715","4085210.52500212","4151833.4260802","4736383.99804083","5050893.09003255","5291589.58828184","5993458.74434647","7168741.42801969","7892181.56380739","9250256.34839254","10617670.7206204","12395416.0723744","15264527.4136388","18199940.0913393","18546969.8766371","21309277.9478844","23268821.0102937","23827076.6077645","26622927.1910899","28522468.9123104","29374112.4233025","31545873.7234615","33367920.3696049","34637057.9231482","35208880.769611","35082747.8836611","38919661.7113957","41772508.1072838","44245192.9496974","46893761.7670875","50940713.2020633",
"West Bank and Gaza","PSE","GNI per capita (current LCU)","NY.GNP.PCAP.CN","","","","","","","","","","","","","","","","","","","","","","","","","","","","","","","","","","","1354.85893999826","1504.28381042129","1481.4545766475","1581.40459439028","1723.89078891639","1764.12909422766","1649.16073867453","1441.96513157719","1227.39583133493","1335.22706562252","1492.69640669018","1648.8093588837","1694.16739521139","1822.38010860508","2222.09106572787","2336.01754791617","2715.30978212495","3073.8199931702","3282.8910969302","3599.91444076937","3707.36268144088","3673.17612828951","3961.67881205966","4098.27141704295","4172.12454041694","4224.16380061409","3752.52770561049","4415.48004986645","4697.62543193251","4318.86793365952","3185.19868591411","3370.32907516556",
"Pacific island small states","PSS","GNI per capita (current LCU)","NY.GNP.PCAP.CN","","","","","","","","","","","","","","","","","","","","","","","","","","","","","","","","","","","","","","","","","","","","","","","","","","","","","","","","","","","","","","","","","","",
"Post-demographic dividend","PST","GNI per capita (current LCU)","NY.GNP.PCAP.CN","","","","","","","","","","","","","","","","","","","","","","","","","","","","","","","","","","","","","","","","","","","","","","","","","","","","","","","","","","","","","","","","","","",
"French Polynesia","PYF","GNI per capita (current LCU)","NY.GNP.PCAP.CN","61412.1331405146","67138.4076597139","69005.6843721708","79898.8104349377","118824.685088825","165039.80886718","194912.110833669","193050.020047881","219101.511381907","208368.018454105","225013.819279011","253433.597015558","245445.085932757","277632.877415665","374024.147245306","401342.822126898","460699.671517732","497932.662118007","561999.455009842","620089.523952787","648335.230157665","755427.977078251","886193.909304754","1036083.72638137","1193493.20839921","1307281.01438217","1500294.06139959","1536705.70722871","1511202.91992028","1587243.24989106","1613104.90350188","1683894.52884319","2098497.19699942","2116357.01541221","2117101.85793049","2151951.00262023","2166331.69245506","2161829.25528433","2201333.14554878","2246328.12781335","2318010.85434203","","","","","2301502.46428805","2336623.31939078","2361431.17723448","2361324.84285283","2288836.68978518","2224898.36647202","2171223.32340916","2130923.08593693","2183385.02082059","2208678.41106854","2272735.77911655","2327361.03847724","2420594.31533773","2431145.57832854","2520997.44117204","2310863.90481682","2384478.46972036","2500763.2553196","2655215.9591346","2745403.76924633","",
"Qatar","QAT","GNI per capita (current LCU)","NY.GNP.PCAP.CN","","","","","","","","","","","11778.2552642888","12858.4045193611","13391.9429920959","17016.7009595838","52510.1233635164","48915.7695753728","57205.8631345311","55698.3363295381","58295.0096770992","75374.0325511269","111054.571549728","114171.546194384","95332.8176107493","76660.9343390687","75744.9450669488","66860.6872711373","54034.5484830894","54324.2528431632","56106.5398381575","57175.9161368837","62694.1557335151","56686.4459506698","60987.060769881","55328.1944917397","55310.055680246","59272.0066106061","64150.4327821874","76879.5643960036","63795.7763461605","72943.6734693878","92330.2567950771","90390.5299258768","94512.8338524054","112997.225661423","138817.480719794","171171.105683492","215525.615446054","227306.08681982","276794.086358342","199964.820750536","252549.429996437","346140.139995975","369209.195686579","357772.551823029","333126.619929406","245571.098633985","221333.11722154","229738.867987525","253302.444924583","237219.318160716","184161.813404301","257161.939870095","311519.461655728","283588.912332382","266003.620939303","258677.787441353",
"Romania","ROU","GNI per capita (current LCU)","NY.GNP.PCAP.CN","","","","","","","","","","","","","","","","","","","","","","","","","","","","","","3.46068023869654","3.68403619799899","9.58667510392413","26.3556117840771","87.5339274480655","218.034452033903","333.341121402628","499.257173304359","1120.38328670889","1624.63305754779","2423.01694906203","3580.82604125808","5274.52119264575","6937.09430286359","8687.65842325735","10927.4749078723","13059.9430338675","15632.834782502","19725.2193293084","25707.1105603671","25736.4362279942","26563.1426406579","29000.142533615","30672.0663315225","31143.3186548652","33439.8754752818","35581.1911171472","37662.8112490811","42852.8828562772","48219.6596020226","54140.6830848878","54603.4832197869","60928.2806626629","70488.2118551895","81376.0059906421","90166.2357118518","98096.3146634451",
"Russian Federation","RUS","GNI per capita (current LCU)","NY.GNP.PCAP.CN","","","","","","","","","","","","","","","","","","","","","","","","","","","","","3.64980888366699","3.87961077690125","4.34489631652832","9.3984260559082","126.729125976563","1143.4296875","4096.18017578125","9545.6630859375","13363.716796875","15496.923828125","17032.509765625","31472.845703125","48542.296875","60420.3984375","73115.265625","88517.9453125","115635.1953125","146919.8125","182691.890625","227653.3125","281077.1875","262953.28125","314163.375","407915.40625","460437.09375","489906.5625","521620.96875","549709.6875","564765.8125","605258.125","685503.875","717670.8125","711772.0625","893635.5625","1048118.625","1175529.625","1367061","1457548.75",
"Rwanda","RWA","GNI per capita (current LCU)","NY.GNP.PCAP.CN","1968.70364033456","1963.44857486172","1961.69220265357","1963.85885990579","1949.12241507605","2173.39836000468","3094.02503273462","4396.10505573961","4599.34717051717","4886.99283212116","5526.70935459766","5421.88569192316","5380.90215583652","5564.98546502321","6350.81913568446","11386.8117865592","12963.2053955011","14579.6541085414","16014.5391684762","18486.2428487175","20201.7205592513","22331.4381343271","23107.4337450562","24143.657294099","26069.2398862871","27358.0706915875","25934.5269913671","25230.2918454604","26129.9083058735","26719.0237984339","28807.1490852676","31604.6951852845","35192.2595286952","35355.2093612786","24280.2495365376","60021.355882976","62582.081572701","71348.521141453","76133.2764681011","87942.9306182983","97424.0431043309","103923.643028545","110177.857319724","131970.068598879","153452.450593432","179069.362522265","192506.886117434","229136.084514938","283548.194526282","314439.674210809","339167.077930203","382961.690398273","422805.58757647","441987.02837919","476855.95735131","512355.970968096","552068.640358991","604677.01052937","641687.508115794","717289.964819476","742725.690952673","819945.129769095","1019292.15128089","1207993.32934226","1365547.18337872","1569842.7752978",
"South Asia","SAS","GNI per capita (current LCU)","NY.GNP.PCAP.CN","","","","","","","","","","","","","","","","","","","","","","","","","","","","","","","","","","","","","","","","","","","","","","","","","","","","","","","","","","","","","","","","","","",
"Saudi Arabia","SAU","GNI per capita (current LCU)","NY.GNP.PCAP.CN","2609.48171616771","2777.16093632427","2955.34516637351","2950.98525708986","3198.14827808111","3429.76617154431","3825.80013664982","3844.05110536348","4856.50415159909","5021.01987232501","5511.06670877228","8229.52333103564","10196.8342856967","11829.0138381003","36281.071099483","35891.0665636296","46701.9819119776","51386.6876724359","50567.8104134932","67590.885772704","90795.5146141772","97804.2227216948","80920.9660624991","67650.9018893163","59454.3000558507","50901.5271390454","41877.9833065215","39195.3336369413","38112.2350691882","38735.1637386934","44208.1252054025","46638.1094306974","45670.9846324139","41961.9998981652","40136.6583947972","41185.1087100885","43623.1369670861","43962.7482348973","37580.0192800183","39903.5746659708","44040.749371265","40405.5855866746","39653.6301058964","42817.4789201356","49420.4574803198","59941.4259998473","66444.9989244678","70760.7288622973","85177.6370855961","67781.7703770976","84906.6098916083","104135.757594283","110600.477391813","107371.710607195","107320.927061603","89897.4623916477","85363.9054159956","91173.2686473716","111115.414560488","111892.639862314","92603.5541197832","121129.433625485","145415.813465665","136446.209816053","134154.423538017","130594.00093244",
"Sudan","SDN","GNI per capita (current LCU)","NY.GNP.PCAP.CN","0.0348971597850323","0.03666140884161","0.0385821834206581","0.0382889695465565","0.038132768124342","0.0386116802692413","0.0384769961237907","0.0402364879846573","0.0407176464796066","0.0435133390128613","0.0480888113379478","0.0507570691406727","0.0533217899501324","0.0637356415390968","0.0788315683603287","0.0928588211536407","0.11226162314415","0.135678306221962","0.15373820066452","0.173863783478737","0.20787987112999","0.260416626930237","0.354607820510864","0.440181255340576","0.537120521068573","0.727557718753815","0.968155682086945","1.37037789821625","2.39430832862854","3.47871232032776","5.20142412185669","9.66915416717529","21.6700668334961","45.0115623474121","118.310874938965","251.010299682617","354.154418945313","570.535827636719","681.202758789063","784.810913085938","884.225280761719","1124.06909179688","1275.56042480469","1452.89428710938","1742.58361816406","2121.57495117188","2349.78540039063","2801.61669921875","3044.50708007813","2972.40014648438","3518.76049804688","4716.06591796875","5786.35986328125","7771.01416015625","11134.078125","12506.88671875","15183.22265625","19484.771484375","28085.140625","40801.56640625","82164.8984375","267571.9375","570130.1875","528337.625","1490438.5","2510885.5",
"Senegal","SEN","GNI per capita (current LCU)","NY.GNP.PCAP.CN","","","","","","","","","76255.0299423399","74051.4253464957","79364.8981422771","79168.5284180497","84989.9438631981","83187.1421406904","98082.0674083401","114163.72055442","126428.693552531","130243.934828053","129859.638154586","149406.916667763","159398.649156859","180632.634046782","208060.611606928","208867.982943801","225798.575291367","248172.727461801","263170.854361146","266904.145855486","253336.17120952","261991.977107536","253702.941303329","250754.179352229","247479.362041135","242038.637800418","314970.134616129","348151.989652921","365978.998003091","375307.362895117","400403.77489016","411125.336826951","421950.466480609","461108.201711123","457620.138858235","469191.322043403","479810.693427957","512427.510717841","528528.049362031","566059.478762898","622081.132892891","608973.688962875","625421.156213889","637564.885977564","665867.747457927","669868.72044904","677533.768481883","704234.694601253","730851.085977398","764623.239571639","785842.569460878","815075.067318244","820676.649700025","864853.029757445","950185.549310998","991265.03319887","994991.98803317","1061610.15819846",
"Singapore","SGP","GNI per capita (current LCU)","NY.GNP.PCAP.CN","1334.30515063168","1401.13956766917","1473.20306250714","1602.5069637883","1533.34057341442","1632.14796756585","1790.01240694789","1965.8677184466","2212.52485089463","2529.25336597307","2861.16171215619","3275.07217568271","3847.65842780152","4638.25809393525","5597.27329805364","6122.24874038717","6506.82422709632","6952.17821356384","7772.94357579878","8836.7107195301","10167.0502020551","11294.1032479415","12193.2040691246","13800.4319931549","15176.5541660063","15058.9720525578","14965.3925754004","15985.7199952861","18517.9199102775","20790.7738951264","22901.4036805757","24674.402559677","26301.0965432238","28929.0595873632","32962.8598370073","35569.0698214161","36723.6911502535","39930.3695063116","37072.4226060568","37362.8313979028","40870.0393034859","38619.9460030565","38889.5221446617","40243.8402012625","43841.3560584679","47046.0377301875","52200.5559638885","57866.0719753459","54524.304272682","53682.7831893388","63711.6948462121","65454.2480180134","66329.6524739964","67443.8736974367","70400.2615122811","71282.9552726449","74359.4179212999","79339.865825721","79088.8676703538","79273.0130905754","74664.8628769847","92252.8488698954","101412.554359376","93476.4115743282","104835.063261364","107365.163000569",
"Solomon Islands","SLB","GNI per capita (current LCU)","NY.GNP.PCAP.CN","","","","","","","","","","","","","125.409472739656","140.693667204148","204.572371962818","188.299525764157","208.982885604796","252.310906733576","268.433402843773","366.596652359395","585.111869317824","670.013315487417","700.344521943574","751.859895935895","805.632666210285","841.209658175639","845.595606526819","979.608671130074","1123.64890366729","1177.66076219645","1599.34524416552","1735.87807033458","2154.31410684119","2607.76570324579","3522.5284003479","4096.02659506723","4534.57875957365","4725.87379808282","5167.486893629","5294.38304297329","4802.04146035249","4813.6850542722","4997.41320730394","6669.96893730398","7415.14124198554","8643.13716154674","9340.6013905784","10123.1437791409","10971.5076947267","11654.8265819536","12925.4718857417","13681.7032435414","14464.7006830472","15829.5079377085","15784.629636834","15889.7603277996","16038.8816674442","16566.5138725221","17886.5026279754","17988.6260603971","17343.0729162469","16598.1042262497","15400.9330837599","16031.6914269286","16340.0491700419","17388.7116718039",
"Sierra Leone","SLE","GNI per capita (current LCU)","NY.GNP.PCAP.CN","","","","","0.0943037217609378","0.104297219631979","0.106975636254602","0.0989332590275306","0.105975343208508","0.128940600030436","0.130776769116531","0.123471440224492","0.130157249107088","0.160815569131709","0.186092323158791","0.20248452174486","0.213179720155044","0.248226621645361","0.307412422186877","0.355901591863318","0.343487906349736","0.377217619963222","0.462126006731446","0.521672507773622","0.745973173787035","1.15963058873066","1.94480498232476","5.60834792535638","8.24795063790549","13.1156578385374","20.9240021273209","50.0502676821783","72.5550275707895","98.9459073928407","112.258354390795","147.903475778377","199.355402563816","192.187231117451","231.973923275955","269.486570652492","291.377451588759","702.879356006202","813.980048014306","955.650003563367","1037.13973311136","1259.55357168823","1472.15134734569","1565.78548330316","1827.27209188152","2115.66866689367","2693.75301516348","3161.86691269844","3951.9791698468","4559.96799845578","4806.25421642331","4814.96043781629","5227.60725118968","5654.10984159878","6637.25631780422","7520.76106917352","8276.27623077139","9150.40938393265","11969.1621902021","16020.2044746228","18070.2772568735","19045.8897906232",
"El Salvador","SLV","GNI per capita (current LCU)","NY.GNP.PCAP.CN","","","","","","271.895372540293","280.197790250325","285.692003743371","287.51087761253","290.788301922139","306.182191650885","312.833747125433","325.213227514603","362.167438449514","404.777461981388","447.475529972583","549.375247903361","677.4672560759","699.954530082743","764.148082710694","773.485556942125","736.306160308528","715.562046063182","720.527590051934","743.126546606995","758.15148039535","734.979567450447","759.177337547946","786.095319075883","805.988342282541","867.7962926267","933.84176418274","1023.3726170235","1160.55461198733","1327.36835307708","1536.79898981818","1635.74676596467","1720.98069355906","1832.01175150035","1860.37927594312","1940.28563948443","2013.52426081507","2061.39150717657","2137.29775902673","2209.44010088146","2365.75064048789","2592.72624463978","2754.73957307236","2918.72170171746","2818.2645013565","2951.38020868952","3229.08537046929","3355.52402487743","3420.96608169721","3498.00217590425","3613.77116136098","3700.33705328345","3796.80449110031","3947.19000123316","4104.58449728863","3776.27022299325","4372.7770564895","4764.53823444319","4980.718343914","5146.86125840598","5374.50221922761",
"San Marino","SMR","GNI per capita (current LCU)","NY.GNP.PCAP.CN","","","","","","","","","","","","","","","","","","","","","","","","","","","","","","","","","","","","","","","","","","","","","","","","","","","","","","","","","","37056.9490022173","36975.3171890389","38131.4658281164","35109.2493528904","41276.9560901553","47078.6609391201","50528.1039574719","","",
"Somalia, Fed. Rep.","SOM","GNI per capita (current LCU)","NY.GNP.PCAP.CN","447.444737062598","463.033177577375","479.325284950188","496.37330200578","512.84161468506","530.679346430034","544.618507708227","561.116866312331","575.849211778074","587.418618160046","605.313492122934","614.991190275611","740.282188871706","790.668173162296","712.922822207589","1052.70161278768","1167.12076722497","1532.9891504332","1696.61126355482","1651.27671143783","2920.24095062224","3681.85792420969","4826.91077710265","5655.94836111725","9547.95983877142","12754.2677449009","16403.2225782346","22704.9174204398","39607.0854036288","81543.7727110901","259805.950574708","388076.911470319","466406.739473268","729687.476754494","883452.9486621","1167042.13529239","1588661.695533","2075167.43802339","2589646.50851085","3054908.28093634","3609611.96249952","4028809.02093419","4504170.3949597","4971586.62005254","5488569.14750883","6600055.49349375","6356842.6396624","6814657.47879768","7213689.10274504","7693652.40865027","6787956.12244282","6993157.97352462","7886498.16749003","7538273.1264172","8640905.09438479","9870405.98938376","10582520.1219828","11751177.659624","12151883.1900651","13475923.0841351","13291194.0935636","14238102.8207796","15320037.7060939","16545590.4680173","18060706.8827009","19825509.1019016",
"Serbia","SRB","GNI per capita (current LCU)","NY.GNP.PCAP.CN","","","","","","","","","","","","","","","","","","","","","","","","","","","","","","","0","0","0","","","","","21149.1700771912","27855.1814708344","32313.0277156348","61567.4806481767","121329.527124451","153363.3307249","180577.669464886","208311.844625539","251149.088837458","297919.522816289","344810.535076574","400118.170675661","427304.164049127","454768.729259915","500076.803363606","533693.721763683","577159.778585325","586735.448941479","605105.526001908","630432.805984198","661826.083265037","720345.277506787","774218.97961696","811211.162384917","926803.72024981","1066500.15789752","1262017.8688555","1387256.83646308","1487117.85893208",
"Sub-Saharan Africa (excluding high income)","SSA","GNI per capita (current LCU)","NY.GNP.PCAP.CN","","","","","","","","","","","","","","","","","","","","","","","","","","","","","","","","","","","","","","","","","","","","","","","","","","","","","","","","","","","","","","","","","","",
"South Sudan","SSD","GNI per capita (current LCU)","NY.GNP.PCAP.CN","","","","","","","","","","","","","","","","","","","","","","","","","","","","","","","","","","","","","","","","","","","","","","","","","","","","2484.07120297812","3150.18620819171","4600.41027110652","3138.82499027821","3414.45660302923","","","","","","","","","","",
"Sub-Saharan Africa","SSF","GNI per capita (current LCU)","NY.GNP.PCAP.CN","","","","","","","","","","","","","","","","","","","","","","","","","","","","","","","","","","","","","","","","","","","","","","","","","","","","","","","","","","","","","","","","","","",
"Small states","SST","GNI per capita (current LCU)","NY.GNP.PCAP.CN","","","","","","","","","","","","","","","","","","","","","","","","","","","","","","","","","","","","","","","","","","","","","","","","","","","","","","","","","","","","","","","","","","",
"Sao Tome and Principe","STP","GNI per capita (current LCU)","NY.GNP.PCAP.CN","","","","","","","","","","","14.4534176693376","13.9800705912013","14.5042139164127","17.3919901446895","18.1950231481481","18.5678945426028","18.5527091158543","21.2285298079977","22.2517218585411","25.0932655944812","30.2184607890891","32.7217512299359","31.9449994146798","30.0754550680207","32.079440569957","33.9621380846325","36.2347458389564","52.3614146893846","67.9286807651853","95.6713758241026","127.35535046349","154.523178755261","213.067676215752","369.111729402838","649.298586625682","966.774157678194","1959.52453965333","2696.44980636616","3122.12488721217","3496.82467249828","3874.5490147065","4397.77421007686","4960.5114659623","6050.93879620841","7000.23398116737","8721.49233786401","10958.2565594851","12254.1879787861","15892.193011226","18261.7785474521","19376.0508685273","21616.0259414271","23168.8570177207","26005.0344813304","28467.1464219102","29241.085720277","32280.8885114071","34052.2046673431","38347.2198566039","42623.9010834521","47436.2489939522","49553.7693558778","66500.2045911491","74606.6400717284","81197.461959106","95906.189699235",
"Suriname","SUR","GNI per capita (current LCU)","NY.GNP.PCAP.CN","0.596018460279329","0.604492083683113","0.591028205922962","0.499606105698338","0.525173035293052","0.7565625","0.922886436045722","1.02749220115618","1.02195050420737","1.03159937422664","1.09081229805873","1.14688262249574","1.23750355423703","1.36341125698635","1.76439508631463","2.31561725081167","2.42190739371963","3.11997652356603","3.65974490304114","3.90728862664922","4.15315802513207","4.7967953891104","4.89437134017607","4.61258996794686","4.52912533719874","4.51195435328654","4.52935029184615","4.91797909354994","5.73308107113645","6.61346836137304","9.37955310756789","10.7490608727919","14.4999030146867","34.1574619889735","190.349807635395","708.602766255592","780.482191281362","803.281652074355","946.268741555642","1564.5854928938","2491.48314356867","3260.69960539296","4970.36558178314","6291.62898340093","7557.5523959815","9221.10422808595","13440.9689960133","15166.8932762855","18155.5863712087","19594.9283254349","21287.8072020992","24440.3391165066","28080.0916405543","29081.3597061615","29653.6976882822","30034.463668296","33363.5834196785","40286.4313228782","44879.3273873961","47269.0921276792","56092.7531001099","86933.6700674547","138277.63365663","184336.0847594","211912.299209843","244266.156130343",
"Slovak Republic","SVK","GNI per capita (current LCU)","NY.GNP.PCAP.CN","","","","","","","","","","","","","","","","","","","","","","","","","","","","","","","1807.90464264929","2069.48371576467","2150.60581663294","2662.87933900552","3197.47184410036","3754.34851815526","4172.44625849631","4575.73777824754","4980.27443012877","5279.90796920693","5845.5427262875","6380.96033978903","6913.35584439545","7296.47610607413","8231.90693709189","9117.57801834311","10195.3693374383","11429.0757563974","12516.4007582494","11826.1271059033","12473.2130337269","12805.83004099","13395.8875126928","13676.0512307161","13965.2262030628","14452.7808081454","14631.3676185341","15331.6039837977","16304.6164415578","16912.4748562883","17118.6254849256","18164.6852070413","19672.7352426989","21946.2447067669","23233.1855238286","24549.2318153586",
"Slovenia","SVN","GNI per capita (current LCU)","NY.GNP.PCAP.CN","","","","","","","","","","","","","","","","","","","","","","","","","","","","","","","426.40538441505","758.237859098768","2214.85888539828","3140.13588462453","4124.30192308189","5337.47095290551","6114.06155399602","6951.8574429645","7704.62836383602","8640.65364124364","9395.10489334691","10501.8393020291","11565.104059603","12578.6635787453","13537.6762883748","14312.6858934433","15396.9344271771","16912.137621016","18180.9019470484","17271.9710894268","17362.7683135123","17672.6437433355","17194.4657656506","17262.0836494813","17912.1858601926","18089.2610772506","18930.3462108761","20321.1560462024","21668.9903148377","22777.5175554316","22190.8339869455","24460.7222974092","26490.1831184105","29894.265916704","31353.9362602237","32872.4015434097",
"Sweden","SWE","GNI per capita (current LCU)","NY.GNP.PCAP.CN","10876.1417833238","11771.7611797241","12698.7980724368","13663.1749496172","15134.5883519307","16490.8570628772","17762.5109621346","19122.1882022867","20170.7562766642","21744.310170946","24130.3318333998","25945.4395187949","28328.3839552836","31519.8489192646","35480.2233590749","41497.3004980081","46702.3949300718","50453.2547863793","55992.9965190435","62662.1825684576","71302.1619196174","77473.9366117649","84314.5524651894","94174.9014561474","105606.806607726","114580.322993452","125488.709028584","135923.888316517","147775.08913957","162338.30556682","176637.129469139","186478.071686563","182790.440936832","180859.662506232","194616.743795657","209976.98069512","215411.653752212","225400.522854124","238041.598585647","255500.699151964","271698.533009457","281827.368828097","292591.853093314","306688.632317839","316046.055770531","328663.086135201","352349.456335303","373096.488316908","380857.510984435","366125.343670468","389866.056395489","400964.71526253","400408.5772867","405448.784886513","417346.647263696","434842.240977975","443835.057343558","461359.149976466","478070.240095196","502723.689831399","501415.374713066","539810.582200464","577573.669957712","610734.435823516","633867.403539681","650455.428240326",
"Eswatini","SWZ","GNI per capita (current LCU)","NY.GNP.PCAP.CN","61.5506012967044","73.9582861542642","76.9570932436733","88.8627457343837","104.082861489056","109.69881751885","121.625213784525","114.90571619266","119.76705070059","152.602500726955","157.745865970409","195.506009713515","217.266224119127","277.848521411663","317.585215055945","","","","","","","","","","","","","","","","3480.82741498439","3727.25820286306","4135.66581444453","4727.11748366652","5128.60240606582","6651.17344525588","7535.13544094456","8490.61705583454","8858.03905838555","9694.30859289355","11537.5538450607","13147.9777634854","13901.3120126557","14947.0659041905","16329.7980075646","19308.8258626794","20164.7830761797","22170.3054446436","24305.5520899452","26450.011898805","27229.8456348671","28779.8105799346","32379.8924779978","36450.4853140293","39138.8821076143","41810.8870830136","45007.0700743884","47963.2360699191","48970.6632310431","50649.4512973419","51755.2134642488","54455.5589167184","58659.8072715369","64687.6797837637","62548.4180357284","66815.1916385124",
"Sint Maarten (Dutch part)","SXM","GNI per capita (current LCU)","NY.GNP.PCAP.CN","","","","","","","","","","","","","","","","","","","","","","","","","","","","","","","","","","","","","","","","","","","","","","","","","","44044.6687169687","45499.201041605","47180.3571949689","48811.7608428747","49940.6175043231","64366.9039048866","65745.9502014891","65108.6956521739","60911.3909118884","55476.1482675262","60195.8870867896","52615.874951229","56501.0247528325","65645.9740383018","68540.8453998924","71777.5363321799","",
"Seychelles","SYC","GNI per capita (current LCU)","NY.GNP.PCAP.CN","1366.90647482014","1282.38009746089","1362.33595204577","1460.95271825748","1575.92504641423","1557.89473684211","1601.67559908828","1602.85307847969","1740.52489537294","1737.80196696267","1902.98507462687","2193.98482493829","2909.20773171036","3515.4327497715","4228.73120803632","4840.45065101531","5781.35329895544","7503.31790373224","8954.14320193081","11958.0129534505","15302.5465768799","15920.5679237917","15582.8304069054","15913.8413771664","16923.3372529629","19002.1898565385","20008.2160330226","20540.3681805574","22284.3401643517","25256.1828762271","29101.2086264693","29098.5008305058","32724.6272769668","35382.4422515328","35000.7506232734","32951.990598109","33833.3185024275","38140.856710511","41800.3563909393","42387.9529909215","43846.376847321","46500.5701830004","44124.4699783811","46181.078991556","60181.5119733253","65562.6759033527","71233.5082742317","79281.7600225795","97985.7583145499","124050.224518317","124715.587612788","139509.571025034","168577.232936593","166563.421494402","181361.442222441","192284.224836489","205298.013245033","222488.861993051","244279.779252186","257884.7631242","238579.350409295","241837.347348829","230556.670873299","245138.661863481","258570.755386366","279049.955924166",
"Syrian Arab Republic","SYR","GNI per capita (current LCU)","NY.GNP.PCAP.CN","632.615329196534","676.646331424622","795.628728016228","864.002596435903","933.523799284392","902.176707234438","869.618320901929","920.727043531154","965.609798516143","1074.75504545141","1030.54782074877","1174.54771211201","1307.55160764158","1353.35240550678","2111.53067065088","2644.15867900991","3058.55833802377","3239.35402035053","3763.54258996348","4372.00834423451","5544.65921725343","6867.63953565095","6890.86991114453","7108.21953911479","7068.86151521904","7535.29362227631","8706.9056861117","10438.92043137","14649.1935576219","15382.2859532673","19327.2762507783","21697.2742787224","25207.6765795049","27302.0179786638","33781.212686726","37061.7513640639","42846.6953285182","42932.5073153684","45101.0555160602","45280.6120090379","49407.352663992","51919.3860329318","53589.8333052062","54824.9634865453","63842.9927467925","73195.6987694595","81868.8919752898","91224.5368745006","106223.01175049","107978.143873564","117898.339805939","132571.82740176","127702.164561204","129731.5626392","171345.093651802","236993.46424119","307450.330984975","418496.417223587","471402.209326827","549236.796686644","882316.950260266","1919133.52353309","3828801.91511302","","","",
"Turks and Caicos Islands","TCA","GNI per capita (current LCU)","NY.GNP.PCAP.CN","","","","","","","","","","","","","","","","","","","","","","","","","","","","","","","","","","","","","","","","","","","","","","","","","","","","","","","25823.2524964337","27735.9377134271","30300.8743312019","30066.8453887205","31558.2424986164","31131.8630403558","20697.6749425495","27444.223415777","30927.1926189282","35530.8238451881","37001.7836037391","",
"Chad","TCD","GNI per capita (current LCU)","NY.GNP.PCAP.CN","25040.2961731082","26078.2950673646","27328.0258710328","27856.7339061157","28829.6412161649","30031.1919199104","30669.1920405777","31692.6344843626","31456.2732814064","33743.8247186543","35026.2214887597","36493.9448419832","38146.4230673997","36400.9494697445","38746.080969881","44857.143059401","49137.7379420916","53396.3244173663","57283.9468545571","47311.8600545481","48570.9998088785","52499.046131584","57717.8745602759","63268.5611542579","78954.6596183063","90587.8714997187","69842.0024379798","63703.9777622051","77789.4802902872","78072.1778834439","78308.1877431645","85219.656391987","77047.8965368971","60791.4608307013","95922.1547590091","101446.347148227","110257.421038938","116279.719324997","129608.934907367","114791.575813555","114389.274177338","140445.930373084","147398.117229211","139624.47806575","198130.532479922","389568.45751374","414648.683500672","417477.136367656","455345.127774676","471751.212989608","550662.101916131","604778.512154883","679887.370908693","623155.654335206","610387.23580872","574262.096370462","503430.610840935","491283.965911527","521284.662394421","522498.260886294","497367.75936434","522428.616613623","577177.871134799","540985.681293876","572750.753813354","567979.746216203",
"East Asia & Pacific (IDA & IBRD countries)","TEA","GNI per capita (current LCU)","NY.GNP.PCAP.CN","","","","","","","","","","","","","","","","","","","","","","","","","","","","","","","","","","","","","","","","","","","","","","","","","","","","","","","","","","","","","","","","","","",
"Europe & Central Asia (IDA & IBRD countries)","TEC","GNI per capita (current LCU)","NY.GNP.PCAP.CN","","","","","","","","","","","","","","","","","","","","","","","","","","","","","","","","","","","","","","","","","","","","","","","","","","","","","","","","","","","","","","","","","","",
"Togo","TGO","GNI per capita (current LCU)","NY.GNP.PCAP.CN","24998.8330378756","25535.6099263706","26420.271507289","28586.0044156839","32374.1630267699","34565.2892991238","39842.1816861481","41646.016582809","42642.6699567909","47438.7854695275","45542.4864618293","49623.1632024312","51460.1967438502","53359.6315375068","79275.755321317","75409.6773791337","82451.592107036","103127.655406535","97505.8034132615","96982.4972967736","118445.325603781","125628.699478024","124043.610366106","130441.778532164","137225.89802247","146067.566188736","152988.552652639","151859.482374984","161412.330936201","165459.432377171","166202.060073704","164852.852011021","159087.464822721","127535.183157089","190955.835395011","220462.620807941","243555.746217319","274554.799411732","287522.058051667","288649.793473895","308462.906122053","308264.520678838","329646.726561676","333551.979487446","315205.623783448","310460.261743893","307948.072289459","310545.829540277","342885.559601209","360740.903606067","369418.165768439","410043.131522685","415853.061401159","439280.889939001","458302.126773873","492942.376315527","503222.798756375","506773.263997829","524937.900615778","539402.159470074","556424.493204593","598141.472668953","669277.729910557","719355.430862118","769350.746510851","807072.712482323",
"Thailand","THA","GNI per capita (current LCU)","NY.GNP.PCAP.CN","2172.23122577462","2305.18021590625","2420.32258302365","2507.86552952421","2670.29719132363","2928.65631136868","3419.89507534282","3553.92910987024","3723.60189056353","3985.32814094855","4105.19897866209","4150.26630335275","4468.29539328763","5679.39860613903","6985.72722059087","7408.40127889579","8248.8982851648","9389.88550641918","11066.7120464292","12357.3202652848","14394.0344147041","16066.7148461365","17447.1922215456","18881.1553006425","19788.9600781395","20666.0515150827","21707.8350873544","24532.7104152822","28979.5306024145","34045.6737341389","39308.2142332112","44359.0386249661","49132.0239773564","55890.6761016954","62191.3300481315","69986.6114438077","75463.67106684","75257.0985089005","73453.8981834814","74527.2122398413","78876.8345640934","81624.9939651514","86619.8012502233","93406.3713162478","101633.689164832","110167.452772314","121505.393450128","130657.186388909","138316.319340052","136818.206640294","150998.242957544","159899.180387069","169812.868804926","173092.55161356","178727.646219577","184779.700880887","196232.066058404","207908.573933343","218309.680474322","227932.135991599","214208.572228906","218193.589021267","234817.477452428","244758.340494294","252379.782103901","258074.537227194",
"Tajikistan","TJK","GNI per capita (current LCU)","NY.GNP.PCAP.CN","","","","","","","","","","","","","","","","","","","","","","","","","","0.0129248671195927","0.0124262935341992","0.0125529984557787","0.0134506643122791","0.0130998173809516","0.0135030807028567","0.0243990251217921","0.114525436329522","1.23532028772786","2.98379432852997","11.2715732012862","47.1199235542336","82.2386258640102","161.844907314086","210.757863980401","272.356097751138","381.367039897918","499.354085456566","682.755754797385","883.04840537883","1197.40626335794","1617.33508407856","2263.09509363919","3108.55639844255","3292.69501737597","3988.46596004961","4899.96365395343","5760.67604232748","6443.39281689393","6619.95920267301","6986.03861246853","7142.89823251159","8127.47511376361","8839.86852087488","9631.69228515611","10055.9834490851","12207.4870160335","15395.6289403236","15942.637581343","19237.1073844622","22806.5522984065",
"Turkmenistan","TKM","GNI per capita (current LCU)","NY.GNP.PCAP.CN","","","","","","","","","","","","","","","","","","","","","","","","","","","","","","","0.000808389809820979","0.00153012505011808","0.0405608655080286","0.50049511371248","4.38763250419879","31.3434114262659","366.171007728048","530.043927106368","642.570457319306","890.854620372782","1070.16599686166","1496.51038016139","1845.0712815798","2410.83255805825","2931.16466351075","3289.84610244491","4059.31295359236","5000.52821809725","8757.85706681853","9910.68297113944","10596.7518972546","13241.6906941722","15620.1483125037","17170.2971760672","18578.4184868425","18979.0967168991","19385.1894979922","19553.0670451683","20534.7681715219","21644.6049526569","22453.9260353225","23883.6996617195","27568.5953334856","27997.1119316912","31734.0280830017","35915.2266740624",
"Latin America & the Caribbean (IDA & IBRD countries)","TLA","GNI per capita (current LCU)","NY.GNP.PCAP.CN","","","","","","","","","","","","","","","","","","","","","","","","","","","","","","","","","","","","","","","","","","","","","","","","","","","","","","","","","","","","","","","","","","",
"Timor-Leste","TLS","GNI per capita (current LCU)","NY.GNP.PCAP.CN","","","","","","","","","","","","","","","","","","","","","","","","","","","","","","","339.872716990314","382.550194146565","473.796786760714","532.253721222687","570.532141770269","610.196902364349","693.393680473214","703.171337485172","696.573371669867","544.186812699698","691.547038739048","779.101359312231","863.874452744043","722.054842629008","733.191112871526","891.049877097281","1332.21287798345","1959.80172934523","3161.04942809627","2383.49886945566","3064.63018091067","4126.32247860084","3805.03874841944","3583.30803188069","2824.03496733657","2313.82248070957","1807.73142328659","1803.65757691721","1752.22652138509","2205.69186245383","1786.21427650328","2565.4728142806","2232.40433945936","1656.66083453853","1518.50478139248","1428.30888183461",
"Middle East, North Africa, Afghanistan & Pakistan (IDA & IBRD)","TMN","GNI per capita (current LCU)","NY.GNP.PCAP.CN","","","","","","","","","","","","","","","","","","","","","","","","","","","","","","","","","","","","","","","","","","","","","","","","","","","","","","","","","","","","","","","","","","",
"Tonga","TON","GNI per capita (current LCU)","NY.GNP.PCAP.CN","","","","","","","","","","","","","","","","","","","","","","587.514937339775","655.23576240049","707.167493214147","770.874579038677","916.323073154801","1098.09203142536","1234.55924209157","1347.79577443442","1400.94363349195","1514.21263791374","1745.97327193553","1866.34940313131","1929.52259173052","2699.57171095981","2695.25567473185","2790.13413113937","2761.68325486223","2934.07799739614","3189.89475334653","3311.60824722187","3444.76802726357","3906.64940216031","4268.89454740389","4536.34685117682","4790.78744404804","5623.08358352235","5689.23036560913","6220.41020370024","6268.67438411239","6803.79608938548","7258.0487124663","7649.4611948632","7498.19850949775","7550.54076109897","8095.90838399548","8982.86645691975","10038.9270663275","10744.1530023587","11582.4925001656","11852.5022704912","11778.014977723","12589.8669103787","14375.0069313651","15816.2774178066","16702.1849056113",
"South Asia (IDA & IBRD)","TSA","GNI per capita (current LCU)","NY.GNP.PCAP.CN","","","","","","","","","","","","","","","","","","","","","","","","","","","","","","","","","","","","","","","","","","","","","","","","","","","","","","","","","","","","","","","","","","",
"Sub-Saharan Africa (IDA & IBRD countries)","TSS","GNI per capita (current LCU)","NY.GNP.PCAP.CN","","","","","","","","","","","","","","","","","","","","","","","","","","","","","","","","","","","","","","","","","","","","","","","","","","","","","","","","","","","","","","","","","","",
"Trinidad and Tobago","TTO","GNI per capita (current LCU)","NY.GNP.PCAP.CN","981.367973934336","1029.37632654574","1077.14890126495","1296.49287915754","1336.7463960752","1360.0452379029","1191.38394187523","1260.01392696499","1425.27497249759","1442.94008601966","1526.51968640535","1634.57462459542","1916.89796545741","2319.40232582349","3465.6371635755","4859.2792004321","5463.69680140222","6547.79659007331","7648.48451590481","9420.66864745644","12667.863612375","14057.2197770832","16570.4787848008","15838.3123631018","15399.613293958","14501.1731850162","13573.9956978666","12759.7004675676","13108.4393655966","13505.1546391753","15854.155220219","16384.3092576204","16681.7124514616","18152.2968200639","20856.5216817597","22682.0580171391","24213.3941309588","25644.5615682214","27411.7060810166","30706.5674659316","35923.7835417276","38961.1653730064","40008.5837879717","49960.5712667951","60317.427269619","73917.9971479204","84684.2047884963","100385.930349267","128049.709495815","87662.4693727072","101983.926481771","109135.869592227","119670.024356011","129729.862810757","132203.47272034","125697.312966828","114273.689318596","119334.681524038","115485.202910845","113253.820386588","97966.3150231393","117775.128659991","121328.420308902","125798.263047437","124445.550534848","124421.136409498",
"Tunisia","TUN","GNI per capita (current LCU)","NY.GNP.PCAP.CN","","84.1614520658771","83.9141981389456","96.2183409526395","100.522166682369","111.260066843733","114.459834485706","115.648701840171","125.309970554718","129.458386791448","141.209136850869","161.850124048351","191.140388214189","198.763210999266","262.600810530208","288.872121168737","308.621285930918","342.190320196896","379.45031136132","435.798853822839","517.953224208489","593.745394540981","670.247495817557","777.821883240239","860.784227907752","907.542244480123","898.069694871295","979.783406570512","1032.49883377391","1120.71651663588","1256.11012012841","1354.60295769368","1504.4724383911","1550.68181997785","1653.86549880866","1772.80238150699","1942.68998901708","2329.88758415797","2500.40165937461","2710.24236526176","2881.84201942973","3079.45234681946","3160.03134929848","3375.59990277643","3664.352027407","3872.44000081127","4218.99963368937","4526.64709259084","4950.94442708109","5240.21891182357","5868.554706585","5943.93932226012","6441.68860273177","6798.78596519761","7313.36182825913","7672.79199990458","8086.98381097427","8549.87486371827","9369.99437508637","10085.3291021762","9652.03355888485","10632.5105061807","11202.8268220019","11948.3237928234","12756.512954312","13616.9163575472",
"Turkiye","TUR","GNI per capita (current LCU)","NY.GNP.PCAP.CN","","","","","","","","0.00411742339397213","0.00448718337867097","0.00487037835882165","0.00533865160562813","0.00642880942474123","0.00747848938989968","0.00920682175402388","0.012268891546366","0.0156439000528242","0.0195318451672917","0.02455178929621","0.0359996559538384","0.0617331277575419","0.113316962796761","0.167146008122848","0.21660750191623","0.280206516715754","0.43260485638167","0.676401882411339","0.962058409929265","1.38019573583742","2.33075527179506","4.04510747212052","6.90017662570881","10.857895578709","18.5420471122338","33.0798416187808","62.8281474467165","173.913999758425","325.141183049208","630.152888886739","1116.99295810238","1641.21738100288","2587.28847712302","3648.26713898115","5310.20677552818","6855.61246189652","8407.57881711963","9746.88602438351","11291.3832494432","12609.028444209","14064.7690431745","13904.1690645508","15944.9701150431","18886.7219184338","20993.6798048128","23839.6602932745","26488.0964644501","29759.2245995988","32824.5463032967","38753.3325016674","46101.6920369848","52493.1540925925","60935.8241645828","87129.2505888304","178554.841285846","314230.198576717","514284.716348634","723151.729822984",
"Tuvalu","TUV","GNI per capita (current LCU)","NY.GNP.PCAP.CN","","","","","","","","","","","800.812290305492","838.34652594547","876.669009135629","920.612568209822","943.661971830986","944.090240313879","953.466583385384","939.874364343404","950.840879689521","978.424276169265","1006.51642682596","1072.68137124635","956.811064718163","1118.88560790859","1230.19488737029","1229.18220233656","1562.85749056833","1780.55190538765","2222.82225874618","2354.42161163704","2726.18776994772","2862.67921146953","3180.12834697942","3037.14661406969","3328.7715868361","3337.5","3350.3318347249","3868.57446808511","4265.76023701196","4332.32940185341","4226.90695725063","5224.54621322762","6599.10630780422","4686.02372356885","5254.73716381418","5059.85915492958","5177.08830548926","5832.36102926733","5839.60856506153","5900.02867794666","5291.72790653853","5278.67346938776","4473.27601975489","5581.26533951459","5156.13619810634","6911.65739304935","7410.93321134492","7534.61219983439","8657.97600223235","9731.79283621586","9915.84767766131","10783.6276240926","10768.2946357086","10296.1593317033","12349.730458221","15263.8959123472",
"Tanzania","TZA","GNI per capita (current LCU)","NY.GNP.PCAP.CN","1950.62072753906","2026.341796875","2159.64990234375","2329.13647460938","2459.54418945313","2430.15234375","2694.02978515625","2731.60961914063","2846.7724609375","2889.92822265625","1549.77905273438","1601.75341796875","1760.345703125","1993.01879882813","2345.9375","2687.06518554688","3323.98413085938","3791.72802734375","4081.75659179688","4450.427734375","5003.85400390625","5656.05517578125","6504.36376953125","7625.5947265625","9254.693359375","12162.8193359375","15521.8662109375","21252.13671875","29788.451171875","36168.4765625","46085.28125","59025.6015625","72438.4921875","88565.875","113910.5859375","146009.140625","180526.6875","220142.0625","254599.453125","288746.15625","318748.28125","339899.4375","387153.9375","433666.125","484754.0625","536281","596621.875","667799.3125","800663.75","897976.75","1009432.625","1185192.5","1335276.125","1515890.75","1672195.875","1840229.625","2034877.125","2160532","2290115.25","2392687.25","2514448.75","2620130.25","2729811.75","2861614.5","3024470.75","3274015.25",
"Uganda","UGA","GNI per capita (current LCU)","NY.GNP.PCAP.CN","5.26612252130717","5.34412876164573","5.24163237554637","5.86489998455661","6.51252456948303","6.98819995427837","7.10960943843951","7.19954800357618","7.50878187575757","8.20908294456097","8.61217002824077","9.38248890631807","9.67296282237881","10.8161923347639","12.7877522375356","18.0815318065984","20.2734352089431","40.2400824811732","43.7294641168102","65.4669150048342","93.1932914328473","195.464122913576","310.113480746316","462.941575731086","566.94573682044","1171.98622627837","2722.20770942886","7738.58629436693","23503.6154738146","51951.5403953442","76900.6619845296","99027.6162609611","141703.302299405","196018.866709306","215473.101374866","257107.799206287","286163.357088861","302707.309821731","335785.356908831","350497.99961569","383395.088693196","403212.972290593","415368.46566798","462402.803356572","550434.632104459","557082.46730204","616638.649200669","700752.196288929","787594.576187805","1517107.65068662","1643048.25178457","1911512.98535255","1990543.4880727","2073197.07487118","2222133.26276058","2392829.84780283","2546072.560091","2637393.37076616","2817171.09541489","2990301.77803361","3077785.06001795","3159743.59925327","3366667.98084583","3666216.86984479","3960457.23608222","4333396.02985284",
"Ukraine","UKR","GNI per capita (current LCU)","NY.GNP.PCAP.CN","","","","","","0.010509641841054","","","","","","","","","","","","","","","","","","","","","","","","0.0300263017416","0.0328120216727257","0.0584999769926071","0.960999071598053","27.6392841339111","228.992736816406","1042.80541992188","1570.96398925781","1814.76171875","1994.04504394531","2538.24877929688","3328.35180664063","4085.17309570313","4572.6669921875","5469.23828125","7121.49853515625","9171.0810546875","11325.587890625","15243.58984375","20063.48828125","19181.34765625","23224.490234375","27701.931640625","31231.33984375","32528.16015625","35897.49609375","47664.26953125","55723.54296875","70270.8125","84017.375","94719.9609375","102191.46875","126533.859375","142938.28125","193233.609375","217082.703125","242481.9375",
"Upper middle income","UMC","GNI per capita (current LCU)","NY.GNP.PCAP.CN","","","","","","","","","","","","","","","","","","","","","","","","","","","","","","","","","","","","","","","","","","","","","","","","","","","","","","","","","","","","","","","","","","",
"Uruguay","URY","GNI per capita (current LCU)","NY.GNP.PCAP.CN","0.00569179634278369","0.00683048378560243","0.00748082171813652","0.00880413878371776","0.0125132859436601","0.0202523600712973","0.0355659491676534","0.0602793933411583","0.132069704342472","0.177182626801837","0.211265057024724","0.246288743620972","0.40479947151377","1.1070682974679","1.54960994329251","2.68807096702317","4.10418234538935","6.46253721909316","9.95008057859361","18.9919191211411","30.0625043826917","39.9730565737708","41.8606401899249","55.3811624684068","83.49741947345","146.865948279719","278.983264888248","522.438142153044","921.373511592879","1624.69271009686","3375.65902365125","7071.35481755112","12184.0391221842","18428.498468957","27269.9763050951","37809.7054655363","50300.8410878002","69650.6714608582","81388.7024894421","83420.1811915434","84303.0523181943","84735.7620719975","88714.0231366506","99340.0642633487","114490.204127258","125627.29712448","141276.693947359","165818.839155572","191672.865900283","215925.057891158","244488.483025872","282804.553560828","306785.015924622","356770.794033606","400037.062819135","448143.863703776","489313.529281058","520045.839431744","558269.380928852","614101.58313867","626313.078245515","700626.654040498","785268.726248748","846082.464642581","917943.881589801","984837.012638279",
"United States","USA","GNI per capita (current LCU)","NY.GNP.PCAP.CN","3002.08929545597","3062.97411600143","3241.85765852799","3373.3573050342","3573.06354552111","3826.51724799466","4141.64653851663","4331.58115274285","4691.63403587259","5025.09477492148","5239.44170259251","5600.12231473411","6100.67366695887","6756.90508661737","7263.36191981445","7799.83609062244","8574.78386497581","9456.40871961823","10557.117505672","11616.0938437271","12530.4037847948","13955.331073013","14554.0610539402","15459.3442033945","17099.4635852857","18116.1715505792","18809.3264982322","19931.1400847748","21498.132916699","22682.7837403117","23645.5855429988","24100.6518276076","25089.8313542341","25909.1793981971","27252.9358558257","28449.7480077213","29870.5984543086","31506.9776312363","33121.2344211068","34731.1926605505","36805.7423495719","37719.9790061342","38440.9024977169","39775.3342374129","42082.6026173884","44569.3847471492","47160.7988140971","48326.9882459423","48418.8528752327","47059.745234702","49082.8334858872","50865.7818645986","52937.4202984529","54118.3633128368","56331.43659934","57822.447690393","58526.8183148661","60736.7639840749","63566.2188795866","65908.8716172747","64739.7754587559","71781.5269023383","78465.0628948277","81873.5215292331","85273.8800443455","89488.5258184508",
"Uzbekistan","UZB","GNI per capita (current LCU)","NY.GNP.PCAP.CN","","","","","","","","","","","","","","","","","","","","","","","","","","","","","","","1.58467968365043","2.93610476789721","20.5465511198696","231.651606527301","2878.51410552443","13178.230921237","23815.7850505274","40626.1995474549","58281.3199906244","86113.7355405342","129252.423059231","192773.515149271","288925.056240202","378484.949336787","469122.635793825","603117.602000988","787159.903821272","1084587.50196853","1499950.3971191","1814297.79341865","3151542.87372577","4079121.03339616","4915323.49422387","5913112.65229032","7066630.60581953","8267108.50167675","9357387.85946477","11810970.5767855","15660349.1683164","19007878.6748134","21040852.8268698","25259019.4850375","30140681.6430849","35719352.15124","42626100.8778539","50044554.8053106",
"St. Vincent and the Grenadines","VCT","GNI per capita (current LCU)","NY.GNP.PCAP.CN","265.440583969285","279.492255735414","285.432619560732","265.467731549993","281.897291334722","284.843885754506","299.830530569678","299.600532623169","326.168949141018","350.312440825601","384.519194698012","408.78685275415","541.977707332038","598.838799890568","679.01482582667","718.399792801857","847.283022223979","1306.41967078109","1598.45195816103","1839.42645779779","2109.99507738958","2605.27115434032","2829.69405203409","3031.50043991838","3310.21819718258","3551.90131421304","3765.39355423175","4205.12311706257","4622.9113484791","5044.49911927529","5537.5988266018","5857.76407478035","6471.92669030922","6660.30957555329","6659.78851910236","7274.31953081462","7697.4690370318","7997.80804482902","8585.79254285209","8842.15726055431","9720.23691047602","10599.8211469502","11199.5438785323","11580.2078822001","12450.490539283","13214.1938639395","14891.6117628154","16742.3765589836","17261.5565442951","17134.3260216455","17388.8103747761","17305.195292138","18032.4483151854","19002.758588801","18554.7961128935","19358.2647718773","20471.3725563945","21449.7033020073","22710.7675885862","23552.8526308716","22342.4067384039","22892.9123598565","25921.251200439","28165.1747382134","31308.9369483979","33239.8622953445",
"Venezuela, RB","VEN","GNI per capita (current LCU)","NY.GNP.PCAP.CN","2.93022503428271E-11","2.96438646793398E-11","3.12875490900287E-11","3.3248709375232E-11","3.47544262395774E-11","3.58764213289832E-11","3.64305554973668E-11","3.73833580167346E-11","3.9252986437056E-11","3.94430213726463E-11","4.35482213844829E-11","4.59021917027908E-11","4.91256432254087E-11","5.64002016442042E-11","8.53072892202169E-11","8.96859629300845E-11","9.99526395303817E-11","1.11434636232713E-10","1.17380251935882E-10","1.40027214842754E-10","1.67526574859528E-10","1.83381623998067E-10","1.76585550786466E-10","1.69908596107825E-10","2.38466354056693E-10","2.56561689034245E-10","2.65696735287055E-10","3.65831396344749E-10","4.49156166439334E-10","7.38134767308213E-10","1.131268330424E-09","1.47920516312913E-09","1.93065576219141E-09","2.49269778851745E-09","3.86443316393856E-09","6.01162035144827E-09","1.26721428403433E-08","1.7611948286517E-08","2.06115984022431E-08","2.42897667318345E-08","3.20908097409567E-08","3.50187626686745E-08","4.11424003715098E-08","5.04837880386609E-08","7.82374865978068E-08","1.11808803275048E-07","1.43903379087641E-07","1.80767655659915E-07","2.42053951465076E-07","2.46691366339856E-07","3.48553172391962E-07","4.53387026278925E-07","5.67909430745109E-07","7.88242281627047E-07","1.534893856792E-06","3.25501684897206E-06","1.09537745256734E-05","0.000106427470110491","0.19523453286666","32.831009903277","479.356779353396","6436.32915855704","21795.0002399587","107958.578917795","176181.21540574","568962.924997167",
"British Virgin Islands","VGB","GNI per capita (current LCU)","NY.GNP.PCAP.CN","","","","","","","","","","","","","","","","","","","","","","","","","","","","","","","","","","","","","","","","","","","","","","","","","","","","","","","","","","","","","","","","","","",
"Virgin Islands (U.S.)","VIR","GNI per capita (current LCU)","NY.GNP.PCAP.CN","","","","","","","","","","","","","","","","","","","","","","","","","","","","","","","","","","","","","","","","","","","","","","","","","","","","","","","","","","","","","","","","","","",
"Viet Nam","VNM","GNI per capita (current LCU)","NY.GNP.PCAP.CN","","","","","","","","","","","","","","","","","","","","","","","","","","","","","","440548.217363561","599714.047353534","1085634.22035071","1563968.25289626","1938784.46105204","2455980.46280576","3173868.01432451","3685990.92845501","4157523.02376569","4685758.20926681","5147543.79265413","5642208.28389596","6090276.92300826","6690886.37131789","7587472.87726172","8736805.9518711","11064751.0942791","12641859.3870061","14489502.5460828","18408564.649851","20023370.8024442","30356578.8782804","38892343.4213972","44062216.4434247","47697065.6763624","51810486.7367518","53088891.0660253","56693298.4774902","62133398.1851514","69115265.3577143","75329021.8957839","78513065.8347294","81399310.4853446","91872762.9749223","97503842.4522675","110222442.045022","122894044.881121",
"Vanuatu","VUT","GNI per capita (current LCU)","NY.GNP.PCAP.CN","","","","","","","","","","","","","","","","","","","","60863.427990092","61179.3532768459","72208.6444705663","74234.6382864461","80283.2284875562","97864.5935220952","96282.7713952561","94771.563909662","95083.7223789426","104415.873582654","119146.4154218","132410.13792102","130252.704011384","130538.676032081","131113.013050049","139903.144862045","142619.911210564","150109.400799246","160903.463401784","181649.793901735","186411.165736509","191411.170758156","193154.686412153","178431.463829309","182650.909607165","188179.284530239","191243.223097362","214825.049670484","227605.317793163","262836.609283548","261645.369117135","264063.183321581","276017.884045114","262308.347697512","320625.323205571","335789.913157086","359525.879271404","373815.875436901","406829.759036577","436067.673587862","464102.077503981","429470.61045714","450536.641296245","491020.713888694","481831.02815464","505160.455889217","533631.231348961",
"World","WLD","GNI per capita (current LCU)","NY.GNP.PCAP.CN","","","","","","","","","","","","","","","","","","","","","","","","","","","","","","","","","","","","","","","","","","","","","","","","","","","","","","","","","","","","","","","","","","",
"Samoa","WSM","GNI per capita (current LCU)","NY.GNP.PCAP.CN","","","","","","","","","","","241.814209401709","282.365171259552","304.488688095864","360.453622812526","395.496202260575","401.804178839733","448.188870430836","503.751215939607","514.271950426026","648.472182316032","734.616502963693","770.339501925422","917.960873116936","1091.2388221745","1198.2170076021","1300.58569125377","1381.30015982186","1471.20823566602","1992.48617727775","2133.86229616989","2325.89628021438","2380.68525341269","2473.17164814391","2606.69658970508","2876.63707921621","2779.49831300732","3213.44741609919","3583.53731687947","3774.79947458148","3916.35501317432","4266.10672317473","4658.19420634834","4930.51970228383","5277.19247155261","5822.02266857809","6407.37199028763","6883.07752958036","7439.99247694076","8355.11212106866","8523.76496634693","8682.46271169757","8781.28887131316","8739.39632973364","8876.56354025864","8904.40268550318","9704.95286992893","10599.3198983779","10602.5314607015","10500.2553207889","10946.319000858","10722.3120258181","10169.0703951277","10507.1081152647","13020.6274260026","14668.750888684","16320.2926504519",
"Kosovo","XKX","GNI per capita (current LCU)","NY.GNP.PCAP.CN","","","","","","","","","","","","","","","","","","","","","","","","","","","","","","","","","","","","","","","","","","","","","","","","","2055.4585647508","2046.17873594249","2291.2383724213","2604.49532882911","2739.64599037366","2856.17349579428","3000.27852126117","3224.93180575236","3438.27977326325","3620.19353228525","3775.33406859772","4034.22399687851","3874.30278227926","4540.25129907468","5096.57756139938","5871.00925435083","6646.18255806587","7132.12327971375",
"Yemen, Rep.","YEM","GNI per capita (current LCU)","NY.GNP.PCAP.CN","","","","","","","","","","","","","","","","","","","","","","","","","","","","","","","10586.0786923142","11801.6374130894","14055.2442931029","16458.4564011341","20442.3180989064","29612.6214138565","39080.0602338901","45030.1494869401","43941.3980679727","56833.8079510568","73035.3095760981","76413.5100768327","83238.7117864548","91920.6971875357","104755.591835988","127217.177132073","149367.86172822","166128.97379818","198838.150181223","187437.717761112","238741.500042591","235550.55784387","254985.692081638","282969.631618815","290073.962570157","306972.471563057","273398.097618083","294085.359367906","330112.403316491","","","","","","","",
"South Africa","ZAF","GNI per capita (current LCU)","NY.GNP.PCAP.CN","365.750431321521","374.023356350989","389.183422106652","418.946402708526","446.860714347259","473.456969267729","499.794642857596","540.512175159813","566.056093042959","616.571814446814","658.977133915356","709.39318964231","775.367293511549","923.71602299687","1091.43551662588","1190.76997571907","1306.17208647703","1397.73100376445","1549.2918478967","1784.93088081293","2271.32778210213","2573.52040748836","2842.92380986331","3159.53570668454","3563.91454134726","3936.12333601192","4446.78579063897","5095.72501238407","5955.61680885372","6928.28344193552","7732.87997811235","8743.08894154366","9676.86248561588","10908.2097401501","12191.8902242355","13750.6165545998","15256.6017015972","16725.4949204059","17918.1277253229","19389.7481154372","21864.2955357728","23835.2080211408","27723.7712100408","30010.7129293175","33160.5832947773","36483.6366668012","40457.7723608356","45080.0652596954","49648.3563277098","52931.5283295581","57238.2561964874","61311.3774029179","64649.7597464993","69041.526693595","72513.0995687046","76150.250031129","80992.5586859736","85666.3667328635","88946.2976089554","92045.464434591","90322.8084889859","98992.0712981855","104653.805119432","109834.371037169","112610.596113215","115761.660872785",
"Zambia","ZMB","GNI per capita (current LCU)","NY.GNP.PCAP.CN","0.141832097811828","0.135644847739119","0.129894919714994","0.131134505340161","0.144953183057279","0.192980336861059","0.216946314050645","0.230416912347323","0.263676172209073","0.31652687226181","0.287917906721355","0.257736309868825","0.278794889993213","0.311566160070411","0.361778214261082","0.292860684164562","0.339726609021039","0.358002293266547","0.385957118396655","0.43180352460204","0.488554469859808","0.566160183805262","0.546415010300816","0.605810528005005","0.673065379629784","0.919472528418941","1.51345364490885","2.54338517110023","3.71079248427911","6.53037151663624","13.3160222954318","24.2382590065964","62.7532935127705","163.205301315835","266.959991576757","350.63201682085","454.934661090955","576.697170951416","650.977768516183","794.463945347051","1069.64910166885","1374.22743515007","1670.27698010199","2050.75861773855","2454.06115680816","2932.85382255669","3442.32198004329","3985.72854859319","4749.89983353459","5576.97015260272","6492.91881892027","7508.4827905866","8653.05104478595","9424.64629352158","10295.8450335838","10962.4883466113","12381.4955170184","13494.2319151187","15073.0055349205","15954.430360887","16711.2490733965","20819.2258135773","23154.6001816493","25269.6061237867","27686.3488691992","30170.3788725384",
"Zimbabwe","ZWE","GNI per capita (current LCU)","NY.GNP.PCAP.CN","0.0905585180270847","0.0877175083320638","0.0837749378792621","0.0809544934714121","0.0713510593059449","0.0950115604717544","0.0953144644193845","0.1070486671614","0.110344325625136","0.126200957021003","0.134191839927653","0.147648191318747","0.177026208137721","0.214175816231686","0.246741215315209","0.260223139898994","0.244954027454423","0.240849999070624","0.242762238763667","0.281241208358258","0.325056287696658","0.382879324839682","0.363575040539206","0.320591949278407","0.265282861741888","0.222320063357798","0.224207900604486","0.231157447699631","0.261798411683158","0.280507619689854","0.277605013311257","0.25706365206266","0.18492529922356","0.1830154043797","0.183442734339678","0.182749274028144","0.233071885115734","0.208411262546035","0.135376901247225","0.155192134600896","0.146871167346602","0.155489090663212","0.152444812901231","0.141052521258636","0.128781610325689","0.127801393078442","0.108590667707571","0.092408203711667","0.0481744596037903","0.282306877002524","0.34259600609379","0.389307461098676","0.47090412593474","0.519009536879626","0.522025240581307","0.539807832661864","0.51457867903208","1.6621859861163","1.81435944589134","8.39705388541485","52.1260602897374","115.769347878518","452.310683340702","4093.85770189529","48954.7757525937","94934.3606341396",
